ticker,exchange,currency,statement_type,period_type,metric_id,metric_name,scraped_at,TTM,FY 2025,FY 2024,FY 2023,FY 2022,FY 2021,2026 Q1,2025 Q4,2025 Q3,2025 Q2,2025 Q1,2024 Q4,2024 Q3,2024 Q2,2024 Q1,2023 Q4,2023 Q3,2023 Q2,2023 Q1,2022 Q4,2022 Q3,2022 Q2,2022 Q1,2021 Q4,2021 Q3,2021 Q2
TLKM,IDX,IDR,Balance Sheet (Annual),annual,accountsPayable,Accounts Payable,2026-07-07 22:35:24,3132000000000.0,3357000000000.0,2598000000000.0,3037000000000.0,2400000000000.0,2650000000000.0,,,,,,,,,,,,,,,,,,,,
TLKM,IDX,IDR,Balance Sheet (Annual),annual,accountsReceivable,Accounts Receivable,2026-07-07 22:35:24,14117000000000.0,13513000000000.0,14642000000000.0,13371000000000.0,11091000000000.0,10840000000000.0,,,,,,,,,,,,,,,,,,,,
TLKM,IDX,IDR,Balance Sheet (Annual),annual,accruedExpenses,Accrued Expenses,2026-07-07 22:35:24,18710000000000.0,18454000000000.0,18169000000000.0,16839000000000.0,18335000000000.0,18873000000000.0,,,,,,,,,,,,,,,,,,,,
TLKM,IDX,IDR,Balance Sheet (Annual),annual,additionalPaidInCapital,Additional Paid-In Capital,2026-07-07 22:35:24,2310000000000.0,2310000000000.0,2310000000000.0,2711000000000.0,1977000000000.0,2711000000000.0,,,,,,,,,,,,,,,,,,,,
TLKM,IDX,IDR,Balance Sheet (Annual),annual,assets,Total Assets,2026-07-07 22:35:24,289955000000000.0,287759000000000.0,291389000000000.0,287042000000000.0,274817000000000.0,277184000000000.0,,,,,,,,,,,,,,,,,,,,
TLKM,IDX,IDR,Balance Sheet (Annual),annual,assetsc,Total Current Assets,2026-07-07 22:35:24,65928000000000.0,61766000000000.0,63080000000000.0,55613000000000.0,55073000000000.0,61277000000000.0,,,,,,,,,,,,,,,,,,,,
TLKM,IDX,IDR,Balance Sheet (Annual),annual,buildings,Buildings,2026-07-07 22:35:24,22070000000000.0,21963000000000.0,20907000000000.0,19596000000000.0,18947000000000.0,17296000000000.0,,,,,,,,,,,,,,,,,,,,
TLKM,IDX,IDR,Balance Sheet (Annual),annual,bvps,Book Value Per Share,2026-07-07 22:35:24,1360.330063,1319.340577,1350.747081,1370.290355,1304.473132,1227.975752,,,,,,,,,,,,,,,,,,,,
TLKM,IDX,IDR,Balance Sheet (Annual),annual,capitalLeases,Long-Term Leases,2026-07-07 22:35:24,17469000000000.0,18547000000000.0,18468000000000.0,14850000000000.0,13701000000000.0,10426000000000.0,,,,,,,,,,,,,,,,,,,,
TLKM,IDX,IDR,Balance Sheet (Annual),annual,cashGrowth,Cash Growth,2026-07-07 22:35:24,0.09569,0.01265,0.15107,-0.0746,-0.15119,0.7756,,,,,,,,,,,,,,,,,,,,
TLKM,IDX,IDR,Balance Sheet (Annual),annual,cashneq,Cash & Equivalents,2026-07-07 22:35:24,37549000000000.0,34228000000000.0,33905000000000.0,29007000000000.0,31947000000000.0,38311000000000.0,,,,,,,,,,,,,,,,,,,,
TLKM,IDX,IDR,Balance Sheet (Annual),annual,commonStock,Common Stock,2026-07-07 22:35:24,4953000000000.0,4953000000000.0,4953000000000.0,4953000000000.0,4953000000000.0,4953000000000.0,,,,,,,,,,,,,,,,,,,,
TLKM,IDX,IDR,Balance Sheet (Annual),annual,constructionInProgress,Construction In Progress,2026-07-07 22:35:24,3874000000000.0,4011000000000.0,2930000000000.0,6240000000000.0,4598000000000.0,2950000000000.0,,,,,,,,,,,,,,,,,,,,
TLKM,IDX,IDR,Balance Sheet (Annual),annual,currentCapLeases,Current Portion of Leases,2026-07-07 22:35:24,5807000000000.0,5590000000000.0,5491000000000.0,5575000000000.0,4772000000000.0,5961000000000.0,,,,,,,,,,,,,,,,,,,,
TLKM,IDX,IDR,Balance Sheet (Annual),annual,currentIncomeTaxesPayable,Current Income Taxes Payable,2026-07-07 22:35:24,1747000000000.0,619000000000.0,1523000000000.0,2683000000000.0,3144000000000.0,1876000000000.0,,,,,,,,,,,,,,,,,,,,
TLKM,IDX,IDR,Balance Sheet (Annual),annual,currentLiabilities,Total Current Liabilities,2026-07-07 22:35:24,71609000000000.0,73948000000000.0,76767000000000.0,71568000000000.0,70235000000000.0,69131000000000.0,,,,,,,,,,,,,,,,,,,,
TLKM,IDX,IDR,Balance Sheet (Annual),annual,currentPortDebt,Current Portion of Long-Term Debt,2026-07-07 22:35:24,14620000000000.0,17746000000000.0,15866000000000.0,10276000000000.0,8858000000000.0,9690000000000.0,,,,,,,,,,,,,,,,,,,,
TLKM,IDX,IDR,Balance Sheet (Annual),annual,currentUnearnedRevenue,Current Unearned Revenue,2026-07-07 22:35:24,8646000000000.0,7970000000000.0,7738000000000.0,6848000000000.0,6295000000000.0,6795000000000.0,,,,,,,,,,,,,,,,,,,,
TLKM,IDX,IDR,Balance Sheet (Annual),annual,debt,Total Debt,2026-07-07 22:35:24,68735000000000.0,74911000000000.0,76868000000000.0,68124000000000.0,62853000000000.0,69078000000000.0,,,,,,,,,,,,,,,,,,,,
TLKM,IDX,IDR,Balance Sheet (Annual),annual,debtc,Short-Term Debt,2026-07-07 22:35:24,6299000000000.0,6929000000000.0,11525000000000.0,9650000000000.0,8191000000000.0,6682000000000.0,,,,,,,,,,,,,,,,,,,,
TLKM,IDX,IDR,Balance Sheet (Annual),annual,debtnc,Long-Term Debt,2026-07-07 22:35:24,24540000000000.0,26099000000000.0,25518000000000.0,27773000000000.0,27331000000000.0,36319000000000.0,,,,,,,,,,,,,,,,,,,,
TLKM,IDX,IDR,Balance Sheet (Annual),annual,deferredLongTermCharges,Long-Term Deferred Charges,2026-07-07 22:35:24,1545000000000.0,1370000000000.0,1596000000000.0,1568000000000.0,1741000000000.0,1608000000000.0,,,,,,,,,,,,,,,,,,,,
TLKM,IDX,IDR,Balance Sheet (Annual),annual,defferedTaxAssets,Long-Term Deferred Tax Assets,2026-07-07 22:35:24,7921000000000.0,6603000000000.0,5354000000000.0,4170000000000.0,4369000000000.0,3824000000000.0,,,,,,,,,,,,,,,,,,,,
TLKM,IDX,IDR,Balance Sheet (Annual),annual,equity,Shareholders' Equity,2026-07-07 22:35:24,155810000000000.0,150537000000000.0,154204000000000.0,156562000000000.0,149075000000000.0,145399000000000.0,,,,,,,,,,,,,,,,,,,,
TLKM,IDX,IDR,Balance Sheet (Annual),annual,goodwill,Goodwill,2026-07-07 22:35:24,914000000000.0,914000000000.0,995000000000.0,1079000000000.0,1098000000000.0,1090000000000.0,,,,,,,,,,,,,,,,,,,,
TLKM,IDX,IDR,Balance Sheet (Annual),annual,inventory,Inventory,2026-07-07 22:35:24,842000000000.0,901000000000.0,1096000000000.0,997000000000.0,1144000000000.0,779000000000.0,,,,,,,,,,,,,,,,,,,,
TLKM,IDX,IDR,Balance Sheet (Annual),annual,investmentsc,Short-Term Investments,2026-07-07 22:35:24,1576000000000.0,1242000000000.0,1122000000000.0,1423000000000.0,936000000000.0,429000000000.0,,,,,,,,,,,,,,,,,,,,
TLKM,IDX,IDR,Balance Sheet (Annual),annual,investmentsnc,Long-Term Investments,2026-07-07 22:35:24,6762000000000.0,7387000000000.0,8335000000000.0,8162000000000.0,8653000000000.0,13800000000000.0,,,,,,,,,,,,,,,,,,,,
TLKM,IDX,IDR,Balance Sheet (Annual),annual,land,Land,2026-07-07 22:35:24,1997000000000.0,1995000000000.0,1981000000000.0,1955000000000.0,,1821000000000.0,,,,,,,,,,,,,,,,,,,,
TLKM,IDX,IDR,Balance Sheet (Annual),annual,leaseholdImprovements,Leasehold Improvements,2026-07-07 22:35:24,1954000000000.0,1901000000000.0,1795000000000.0,1675000000000.0,1571000000000.0,1477000000000.0,,,,,,,,,,,,,,,,,,,,
TLKM,IDX,IDR,Balance Sheet (Annual),annual,liabilities,Total Liabilities,2026-07-07 22:35:24,134145000000000.0,137222000000000.0,137185000000000.0,130480000000000.0,125742000000000.0,131785000000000.0,,,,,,,,,,,,,,,,,,,,
TLKM,IDX,IDR,Balance Sheet (Annual),annual,liabilitiesequity,Total Liabilities & Equity,2026-07-07 22:35:24,289955000000000.0,287759000000000.0,291389000000000.0,287042000000000.0,274817000000000.0,277184000000000.0,,,,,,,,,,,,,,,,,,,,
TLKM,IDX,IDR,Balance Sheet (Annual),annual,longTermAccountsReceivable,Long-Term Accounts Receivable,2026-07-07 22:35:24,125000000000.0,109000000000.0,129000000000.0,26000000000.0,34000000000.0,143000000000.0,,,,,,,,,,,,,,,,,,,,
TLKM,IDX,IDR,Balance Sheet (Annual),annual,longTermDeferredTaxLiabilities,Long-Term Deferred Tax Liabilities,2026-07-07 22:35:24,2499000000000.0,1233000000000.0,992000000000.0,841000000000.0,1023000000000.0,1158000000000.0,,,,,,,,,,,,,,,,,,,,
TLKM,IDX,IDR,Balance Sheet (Annual),annual,longTermUnearnedRevenue,Long-Term Unearned Revenue,2026-07-07 22:35:24,3151000000000.0,2851000000000.0,2484000000000.0,2591000000000.0,1561000000000.0,1283000000000.0,,,,,,,,,,,,,,,,,,,,
TLKM,IDX,IDR,Balance Sheet (Annual),annual,machinery,Machinery,2026-07-07 22:35:24,263031000000000.0,261053000000000.0,253927000000000.0,249146000000000.0,238213000000000.0,227371000000000.0,,,,,,,,,,,,,,,,,,,,
TLKM,IDX,IDR,Balance Sheet (Annual),annual,minorityInterestBS,Minority Interest,2026-07-07 22:35:24,21318000000000.0,19852000000000.0,20396000000000.0,20818000000000.0,19851000000000.0,23753000000000.0,,,,,,,,,,,,,,,,,,,,
TLKM,IDX,IDR,Balance Sheet (Annual),annual,netPPE,"Property, Plant & Equipment",2026-07-07 22:35:24,190863000000000.0,193414000000000.0,197245000000000.0,203339000000000.0,193022000000000.0,183495000000000.0,,,,,,,,,,,,,,,,,,,,
TLKM,IDX,IDR,Balance Sheet (Annual),annual,netcash,Net Cash (Debt),2026-07-07 22:35:24,-29610000000000.0,-39441000000000.0,-41841000000000.0,-37694000000000.0,-29970000000000.0,-30338000000000.0,,,,,,,,,,,,,,,,,,,,
TLKM,IDX,IDR,Balance Sheet (Annual),annual,netcashpershare,Net Cash Per Share,2026-07-07 22:35:24,-298.98394,-398.14852,-422.37092,-380.50834,-302.53714,-306.25198,,,,,,,,,,,,,,,,,,,,
TLKM,IDX,IDR,Balance Sheet (Annual),annual,otherCurrentLiabilities,Other Current Liabilities,2026-07-07 22:35:24,12648000000000.0,13283000000000.0,13857000000000.0,16660000000000.0,18240000000000.0,16604000000000.0,,,,,,,,,,,,,,,,,,,,
TLKM,IDX,IDR,Balance Sheet (Annual),annual,otherEquity,Comprehensive Income & Other,2026-07-07 22:35:24,10338000000000.0,10259000000000.0,9898000000000.0,9639000000000.0,564000000000.0,9395000000000.0,,,,,,,,,,,,,,,,,,,,
TLKM,IDX,IDR,Balance Sheet (Annual),annual,otherIntangibles,Other Intangible Assets,2026-07-07 22:35:24,9252000000000.0,9524000000000.0,10041000000000.0,9639000000000.0,8495000000000.0,7988000000000.0,,,,,,,,,,,,,,,,,,,,
TLKM,IDX,IDR,Balance Sheet (Annual),annual,otherReceivables,Other Receivables,2026-07-07 22:35:24,285000000000.0,490000000000.0,1032000000000.0,2194000000000.0,261000000000.0,885000000000.0,,,,,,,,,,,,,,,,,,,,
TLKM,IDX,IDR,Balance Sheet (Annual),annual,othercurrent,Other Current Assets,2026-07-07 22:35:24,5293000000000.0,4668000000000.0,4628000000000.0,2101000000000.0,2570000000000.0,4925000000000.0,,,,,,,,,,,,,,,,,,,,
TLKM,IDX,IDR,Balance Sheet (Annual),annual,otherliabilitiesnoncurrent,Other Long-Term Liabilities,2026-07-07 22:35:24,1654000000000.0,1548000000000.0,1416000000000.0,1443000000000.0,1619000000000.0,1905000000000.0,,,,,,,,,,,,,,,,,,,,
TLKM,IDX,IDR,Balance Sheet (Annual),annual,othernoncurrent,Other Long-Term Assets,2026-07-07 22:35:24,6645000000000.0,6672000000000.0,4614000000000.0,3446000000000.0,2332000000000.0,3959000000000.0,,,,,,,,,,,,,,,,,,,,
TLKM,IDX,IDR,Balance Sheet (Annual),annual,pensionRetirementBenefits,Pension & Post-Retirement Benefits,2026-07-07 22:35:24,13223000000000.0,12996000000000.0,11540000000000.0,11414000000000.0,10272000000000.0,11563000000000.0,,,,,,,,,,,,,,,,,,,,
TLKM,IDX,IDR,Balance Sheet (Annual),annual,prepaidExpenses,Prepaid Expenses,2026-07-07 22:35:24,6266000000000.0,6724000000000.0,6655000000000.0,6520000000000.0,7124000000000.0,5108000000000.0,,,,,,,,,,,,,,,,,,,,
TLKM,IDX,IDR,Balance Sheet (Annual),annual,receivables,Receivables,2026-07-07 22:35:24,14402000000000.0,14003000000000.0,15674000000000.0,15565000000000.0,11352000000000.0,11725000000000.0,,,,,,,,,,,,,,,,,,,,
TLKM,IDX,IDR,Balance Sheet (Annual),annual,retearn,Retained Earnings,2026-07-07 22:35:24,117535000000000.0,113193000000000.0,116647000000000.0,118441000000000.0,121730000000000.0,104587000000000.0,,,,,,,,,,,,,,,,,,,,
TLKM,IDX,IDR,Balance Sheet (Annual),annual,sharesOutFilingDate,Filing Date Shares Outstanding,2026-07-07 22:35:24,98867182000.0,99053271200.0,99062216600.0,99062216600.0,99062216600.0,99062216600.0,,,,,,,,,,,,,,,,,,,,
TLKM,IDX,IDR,Balance Sheet (Annual),annual,sharesOutTotalCommon,Total Common Shares Outstanding,2026-07-07 22:35:24,98867182000.0,99053271200.0,99062216600.0,99062216600.0,99062216600.0,99062216600.0,,,,,,,,,,,,,,,,,,,,
TLKM,IDX,IDR,Balance Sheet (Annual),annual,tangibleBookValue,Tangible Book Value,2026-07-07 22:35:24,124326000000000.0,120247000000000.0,122772000000000.0,125026000000000.0,119631000000000.0,112568000000000.0,,,,,,,,,,,,,,,,,,,,
TLKM,IDX,IDR,Balance Sheet (Annual),annual,tangibleBookValuePerShare,Tangible Book Value Per Share,2026-07-07 22:35:24,1257.505245,1213.962936,1239.342346,1262.095724,1207.635,1136.336373,,,,,,,,,,,,,,,,,,,,
TLKM,IDX,IDR,Balance Sheet (Annual),annual,totalCommonEquity,Total Common Equity,2026-07-07 22:35:24,134492000000000.0,130685000000000.0,133808000000000.0,135744000000000.0,129224000000000.0,121646000000000.0,,,,,,,,,,,,,,,,,,,,
TLKM,IDX,IDR,Balance Sheet (Annual),annual,totalcash,Cash & Short-Term Investments,2026-07-07 22:35:24,39125000000000.0,35470000000000.0,35027000000000.0,30430000000000.0,32883000000000.0,38740000000000.0,,,,,,,,,,,,,,,,,,,,
TLKM,IDX,IDR,Balance Sheet (Annual),annual,treasuryStock,Treasury Stock,2026-07-07 22:35:24,-644000000000.0,-30000000000.0,,,,,,,,,,,,,,,,,,,,,,,,
TLKM,IDX,IDR,Balance Sheet (Annual),annual,workingcapital,Working Capital,2026-07-07 22:35:24,-5681000000000.0,-12182000000000.0,-13687000000000.0,-15955000000000.0,-15162000000000.0,-7854000000000.0,,,,,,,,,,,,,,,,,,,,
TLKM,IDX,IDR,Balance Sheet (Quarterly),quarterly,accountsPayable,Accounts Payable,2026-07-07 22:35:26,,,,,,,3132000000000.0,3357000000000.0,3100000000000.0,2506000000000.0,3065000000000.0,2598000000000.0,3801000000000.0,4296000000000.0,3502000000000.0,3037000000000.0,2927000000000.0,3221000000000.0,2802000000000.0,2400000000000.0,2527000000000.0,2667000000000.0,3008000000000.0,2650000000000.0,2161000000000.0,2128000000000.0
TLKM,IDX,IDR,Balance Sheet (Quarterly),quarterly,accountsReceivable,Accounts Receivable,2026-07-07 22:35:26,,,,,,,14117000000000.0,13513000000000.0,14628000000000.0,15250000000000.0,14843000000000.0,14642000000000.0,15297000000000.0,15925000000000.0,14668000000000.0,13371000000000.0,12352000000000.0,12400000000000.0,11769000000000.0,11091000000000.0,11368000000000.0,11293000000000.0,11652000000000.0,10840000000000.0,12401000000000.0,12254000000000.0
TLKM,IDX,IDR,Balance Sheet (Quarterly),quarterly,accruedExpenses,Accrued Expenses,2026-07-07 22:35:26,,,,,,,18710000000000.0,18454000000000.0,17382000000000.0,16466000000000.0,18132000000000.0,18169000000000.0,16451000000000.0,16907000000000.0,18302000000000.0,16839000000000.0,15674000000000.0,16807000000000.0,19631000000000.0,18335000000000.0,16872000000000.0,17553000000000.0,20237000000000.0,18873000000000.0,16068000000000.0,16317000000000.0
TLKM,IDX,IDR,Balance Sheet (Quarterly),quarterly,additionalPaidInCapital,Additional Paid-In Capital,2026-07-07 22:35:26,,,,,,,2310000000000.0,2310000000000.0,2310000000000.0,2310000000000.0,2310000000000.0,2310000000000.0,2711000000000.0,2711000000000.0,2711000000000.0,2711000000000.0,2711000000000.0,2711000000000.0,2711000000000.0,1977000000000.0,2711000000000.0,2711000000000.0,2711000000000.0,2711000000000.0,2711000000000.0,2711000000000.0
TLKM,IDX,IDR,Balance Sheet (Quarterly),quarterly,assets,Total Assets,2026-07-07 22:35:26,,,,,,,289955000000000.0,287759000000000.0,291897000000000.0,293797000000000.0,299546000000000.0,291389000000000.0,285134000000000.0,285992000000000.0,288036000000000.0,287042000000000.0,276212000000000.0,290478000000000.0,278472000000000.0,274817000000000.0,269963000000000.0,275272000000000.0,279450000000000.0,277184000000000.0,246500000000000.0,263977000000000.0
TLKM,IDX,IDR,Balance Sheet (Quarterly),quarterly,assetsc,Total Current Assets,2026-07-07 22:35:26,,,,,,,65928000000000.0,61766000000000.0,58408000000000.0,60378000000000.0,63479000000000.0,63080000000000.0,52369000000000.0,54733000000000.0,58782000000000.0,55613000000000.0,50728000000000.0,65890000000000.0,55441000000000.0,55073000000000.0,53625000000000.0,61420000000000.0,64853000000000.0,61277000000000.0,40866000000000.0,59961000000000.0
TLKM,IDX,IDR,Balance Sheet (Quarterly),quarterly,buildings,Buildings,2026-07-07 22:35:26,,,,,,,22070000000000.0,21963000000000.0,21552000000000.0,21330000000000.0,21017000000000.0,20907000000000.0,20224000000000.0,20396000000000.0,20213000000000.0,19596000000000.0,19616000000000.0,19019000000000.0,18745000000000.0,18947000000000.0,18011000000000.0,17676000000000.0,17436000000000.0,17296000000000.0,16819000000000.0,16597000000000.0
TLKM,IDX,IDR,Balance Sheet (Quarterly),quarterly,bvps,Book Value Per Share,2026-07-07 22:35:26,,,,,,,1360.330063,1319.340577,1384.39687,1333.942838,1495.211848,1350.747081,1369.866379,1314.022686,1432.604729,1370.290355,1319.302196,1250.173923,1368.967954,1304.473132,1247.418079,1213.792746,1290.037759,1227.975752,1057.113434,993.395901
TLKM,IDX,IDR,Balance Sheet (Quarterly),quarterly,capitalLeases,Long-Term Leases,2026-07-07 22:35:26,,,,,,,17469000000000.0,18547000000000.0,18032000000000.0,17844000000000.0,17119000000000.0,18468000000000.0,16691000000000.0,15786000000000.0,13601000000000.0,14850000000000.0,13192000000000.0,13257000000000.0,12775000000000.0,13701000000000.0,12860000000000.0,8482000000000.0,8379000000000.0,10426000000000.0,8247000000000.0,7857000000000.0
TLKM,IDX,IDR,Balance Sheet (Quarterly),quarterly,cashGrowth,Cash Growth,2026-07-07 22:35:26,,,,,,,0.09569,0.01265,0.21634,0.22416,0.16052,0.15107,-0.01013,-0.3241,-0.01681,-0.0746,-0.14161,0.02538,-0.26488,-0.15119,0.76589,0.09688,0.29348,0.7756,0.02507,0.27689
TLKM,IDX,IDR,Balance Sheet (Quarterly),quarterly,cashneq,Cash & Equivalents,2026-07-07 22:35:26,,,,,,,37549000000000.0,34228000000000.0,31554000000000.0,33185000000000.0,34410000000000.0,33905000000000.0,24540000000000.0,25458000000000.0,29521000000000.0,29007000000000.0,25905000000000.0,40521000000000.0,29935000000000.0,31947000000000.0,31657000000000.0,40160000000000.0,41629000000000.0,38311000000000.0,17491000000000.0,36613000000000.0
TLKM,IDX,IDR,Balance Sheet (Quarterly),quarterly,commonStock,Common Stock,2026-07-07 22:35:26,,,,,,,4953000000000.0,4953000000000.0,4953000000000.0,4953000000000.0,4953000000000.0,4953000000000.0,4953000000000.0,4953000000000.0,4953000000000.0,4953000000000.0,4953000000000.0,4953000000000.0,4953000000000.0,4953000000000.0,4953000000000.0,4953000000000.0,4953000000000.0,4953000000000.0,4953000000000.0,4953000000000.0
TLKM,IDX,IDR,Balance Sheet (Quarterly),quarterly,constructionInProgress,Construction In Progress,2026-07-07 22:35:26,,,,,,,3874000000000.0,4011000000000.0,4332000000000.0,3899000000000.0,3719000000000.0,2930000000000.0,3703000000000.0,7460000000000.0,7152000000000.0,6240000000000.0,7011000000000.0,6924000000000.0,5286000000000.0,4598000000000.0,3394000000000.0,4020000000000.0,3193000000000.0,2950000000000.0,2693000000000.0,2666000000000.0
TLKM,IDX,IDR,Balance Sheet (Quarterly),quarterly,currentCapLeases,Current Portion of Leases,2026-07-07 22:35:26,,,,,,,5807000000000.0,5590000000000.0,6125000000000.0,6061000000000.0,6733000000000.0,5491000000000.0,6948000000000.0,6721000000000.0,6801000000000.0,5575000000000.0,5689000000000.0,5235000000000.0,4987000000000.0,4772000000000.0,4157000000000.0,4224000000000.0,6282000000000.0,5961000000000.0,5887000000000.0,5964000000000.0
TLKM,IDX,IDR,Balance Sheet (Quarterly),quarterly,currentIncomeTaxesPayable,Current Income Taxes Payable,2026-07-07 22:35:26,,,,,,,1747000000000.0,619000000000.0,1234000000000.0,1018000000000.0,1018000000000.0,1523000000000.0,1264000000000.0,969000000000.0,1957000000000.0,2683000000000.0,2728000000000.0,1848000000000.0,3243000000000.0,3144000000000.0,2162000000000.0,1379000000000.0,2934000000000.0,1876000000000.0,2450000000000.0,1556000000000.0
TLKM,IDX,IDR,Balance Sheet (Quarterly),quarterly,currentLiabilities,Total Current Liabilities,2026-07-07 22:35:26,,,,,,,71609000000000.0,73948000000000.0,75685000000000.0,85001000000000.0,71701000000000.0,76767000000000.0,74978000000000.0,83173000000000.0,67912000000000.0,71568000000000.0,70695000000000.0,95350000000000.0,65338000000000.0,70235000000000.0,65148000000000.0,76887000000000.0,70036000000000.0,69131000000000.0,68367000000000.0,91091000000000.0
TLKM,IDX,IDR,Balance Sheet (Quarterly),quarterly,currentPortDebt,Current Portion of Long-Term Debt,2026-07-07 22:35:26,,,,,,,14620000000000.0,17746000000000.0,20150000000000.0,22372000000000.0,11993000000000.0,15866000000000.0,16623000000000.0,20617000000000.0,7537000000000.0,10276000000000.0,11977000000000.0,14226000000000.0,7494000000000.0,8858000000000.0,7862000000000.0,9229000000000.0,9505000000000.0,9690000000000.0,9398000000000.0,9938000000000.0
TLKM,IDX,IDR,Balance Sheet (Quarterly),quarterly,currentUnearnedRevenue,Current Unearned Revenue,2026-07-07 22:35:26,,,,,,,8646000000000.0,7970000000000.0,7878000000000.0,7232000000000.0,7607000000000.0,7738000000000.0,6670000000000.0,7191000000000.0,6816000000000.0,6848000000000.0,6520000000000.0,7189000000000.0,5927000000000.0,6295000000000.0,6414000000000.0,6735000000000.0,6804000000000.0,6795000000000.0,7697000000000.0,7637000000000.0
TLKM,IDX,IDR,Balance Sheet (Quarterly),quarterly,debt,Total Debt,2026-07-07 22:35:26,,,,,,,68735000000000.0,74911000000000.0,77678000000000.0,84799000000000.0,69156000000000.0,76868000000000.0,73139000000000.0,79116000000000.0,61302000000000.0,68124000000000.0,68999000000000.0,74350000000000.0,60709000000000.0,62853000000000.0,66870000000000.0,74170000000000.0,63127000000000.0,69078000000000.0,68502000000000.0,78983000000000.0
TLKM,IDX,IDR,Balance Sheet (Quarterly),quarterly,debtc,Short-Term Debt,2026-07-07 22:35:26,,,,,,,6299000000000.0,6929000000000.0,7569000000000.0,12824000000000.0,9671000000000.0,11525000000000.0,10655000000000.0,13097000000000.0,7686000000000.0,9650000000000.0,11796000000000.0,15129000000000.0,7759000000000.0,8191000000000.0,11871000000000.0,18950000000000.0,6909000000000.0,6682000000000.0,10618000000000.0,16776000000000.0
TLKM,IDX,IDR,Balance Sheet (Quarterly),quarterly,debtnc,Long-Term Debt,2026-07-07 22:35:26,,,,,,,24540000000000.0,26099000000000.0,25802000000000.0,25698000000000.0,23640000000000.0,25518000000000.0,22222000000000.0,22895000000000.0,25677000000000.0,27773000000000.0,26345000000000.0,26503000000000.0,27694000000000.0,27331000000000.0,30120000000000.0,33285000000000.0,32052000000000.0,36319000000000.0,34352000000000.0,38448000000000.0
TLKM,IDX,IDR,Balance Sheet (Quarterly),quarterly,deferredLongTermCharges,Long-Term Deferred Charges,2026-07-07 22:35:26,,,,,,,1545000000000.0,1370000000000.0,1427000000000.0,1426000000000.0,1525000000000.0,1596000000000.0,1569000000000.0,1524000000000.0,1365000000000.0,1568000000000.0,1519000000000.0,1973000000000.0,1892000000000.0,1741000000000.0,1855000000000.0,1885000000000.0,1639000000000.0,1608000000000.0,2183000000000.0,2001000000000.0
TLKM,IDX,IDR,Balance Sheet (Quarterly),quarterly,defferedTaxAssets,Long-Term Deferred Tax Assets,2026-07-07 22:35:26,,,,,,,7921000000000.0,6603000000000.0,3627000000000.0,3580000000000.0,3630000000000.0,5354000000000.0,3443000000000.0,3707000000000.0,3501000000000.0,4170000000000.0,4396000000000.0,4005000000000.0,4043000000000.0,4369000000000.0,4559000000000.0,4279000000000.0,4095000000000.0,3824000000000.0,3575000000000.0,3467000000000.0
TLKM,IDX,IDR,Balance Sheet (Quarterly),quarterly,equity,Shareholders' Equity,2026-07-07 22:35:26,,,,,,,155810000000000.0,150537000000000.0,155012000000000.0,148362000000000.0,170302000000000.0,154204000000000.0,154351000000000.0,147274000000000.0,164414000000000.0,156562000000000.0,149493000000000.0,140351000000000.0,157641000000000.0,149075000000000.0,145399000000000.0,140679000000000.0,153330000000000.0,145399000000000.0,118813000000000.0,110107000000000.0
TLKM,IDX,IDR,Balance Sheet (Quarterly),quarterly,goodwill,Goodwill,2026-07-07 22:35:26,,,,,,,914000000000.0,914000000000.0,995000000000.0,995000000000.0,995000000000.0,995000000000.0,1072000000000.0,1072000000000.0,1072000000000.0,1079000000000.0,1090000000000.0,1090000000000.0,1090000000000.0,1098000000000.0,1090000000000.0,1090000000000.0,1090000000000.0,1090000000000.0,1375000000000.0,1304000000000.0
TLKM,IDX,IDR,Balance Sheet (Quarterly),quarterly,inventory,Inventory,2026-07-07 22:35:26,,,,,,,842000000000.0,901000000000.0,1085000000000.0,979000000000.0,1130000000000.0,1096000000000.0,903000000000.0,1036000000000.0,1069000000000.0,997000000000.0,1475000000000.0,1118000000000.0,1248000000000.0,1144000000000.0,1181000000000.0,1038000000000.0,932000000000.0,779000000000.0,825000000000.0,985000000000.0
TLKM,IDX,IDR,Balance Sheet (Quarterly),quarterly,investmentsc,Short-Term Investments,2026-07-07 22:35:26,,,,,,,1576000000000.0,1242000000000.0,1500000000000.0,1242000000000.0,1298000000000.0,1122000000000.0,2635000000000.0,2665000000000.0,1248000000000.0,1423000000000.0,1548000000000.0,1087000000000.0,1360000000000.0,936000000000.0,325000000000.0,418000000000.0,942000000000.0,429000000000.0,620000000000.0,381000000000.0
TLKM,IDX,IDR,Balance Sheet (Quarterly),quarterly,investmentsnc,Long-Term Investments,2026-07-07 22:35:26,,,,,,,6762000000000.0,7387000000000.0,7272000000000.0,7370000000000.0,8696000000000.0,8335000000000.0,7676000000000.0,7310000000000.0,7774000000000.0,8162000000000.0,8714000000000.0,9218000000000.0,9290000000000.0,8653000000000.0,11870000000000.0,15104000000000.0,13583000000000.0,13800000000000.0,10211000000000.0,10019000000000.0
TLKM,IDX,IDR,Balance Sheet (Quarterly),quarterly,land,Land,2026-07-07 22:35:26,,,,,,,1997000000000.0,1995000000000.0,1985000000000.0,1986000000000.0,1984000000000.0,1981000000000.0,1968000000000.0,1962000000000.0,1957000000000.0,1955000000000.0,1941000000000.0,1863000000000.0,1838000000000.0,,1828000000000.0,1823000000000.0,1823000000000.0,1821000000000.0,1806000000000.0,1801000000000.0
TLKM,IDX,IDR,Balance Sheet (Quarterly),quarterly,leaseholdImprovements,Leasehold Improvements,2026-07-07 22:35:26,,,,,,,1954000000000.0,1901000000000.0,1854000000000.0,1796000000000.0,1805000000000.0,1795000000000.0,1736000000000.0,1677000000000.0,1667000000000.0,1675000000000.0,1588000000000.0,1568000000000.0,1545000000000.0,1571000000000.0,1525000000000.0,1467000000000.0,1427000000000.0,1477000000000.0,1474000000000.0,1450000000000.0
TLKM,IDX,IDR,Balance Sheet (Quarterly),quarterly,liabilities,Total Liabilities,2026-07-07 22:35:26,,,,,,,134145000000000.0,137222000000000.0,136885000000000.0,145435000000000.0,129244000000000.0,137185000000000.0,130783000000000.0,138718000000000.0,123622000000000.0,130480000000000.0,126719000000000.0,150127000000000.0,120831000000000.0,125742000000000.0,124564000000000.0,134593000000000.0,126120000000000.0,131785000000000.0,127687000000000.0,153870000000000.0
TLKM,IDX,IDR,Balance Sheet (Quarterly),quarterly,liabilitiesequity,Total Liabilities & Equity,2026-07-07 22:35:26,,,,,,,289955000000000.0,287759000000000.0,291897000000000.0,293797000000000.0,299546000000000.0,291389000000000.0,285134000000000.0,285992000000000.0,288036000000000.0,287042000000000.0,276212000000000.0,290478000000000.0,278472000000000.0,274817000000000.0,269963000000000.0,275272000000000.0,279450000000000.0,277184000000000.0,246500000000000.0,263977000000000.0
TLKM,IDX,IDR,Balance Sheet (Quarterly),quarterly,longTermAccountsReceivable,Long-Term Accounts Receivable,2026-07-07 22:35:26,,,,,,,125000000000.0,109000000000.0,113000000000.0,114000000000.0,127000000000.0,129000000000.0,21000000000.0,11000000000.0,30000000000.0,26000000000.0,14000000000.0,110000000000.0,26000000000.0,34000000000.0,96000000000.0,312000000000.0,279000000000.0,143000000000.0,171000000000.0,196000000000.0
TLKM,IDX,IDR,Balance Sheet (Quarterly),quarterly,longTermDeferredTaxLiabilities,Long-Term Deferred Tax Liabilities,2026-07-07 22:35:26,,,,,,,2499000000000.0,1233000000000.0,953000000000.0,937000000000.0,997000000000.0,992000000000.0,869000000000.0,875000000000.0,861000000000.0,841000000000.0,1051000000000.0,1029000000000.0,1357000000000.0,1023000000000.0,985000000000.0,855000000000.0,568000000000.0,1158000000000.0,610000000000.0,589000000000.0
TLKM,IDX,IDR,Balance Sheet (Quarterly),quarterly,longTermUnearnedRevenue,Long-Term Unearned Revenue,2026-07-07 22:35:26,,,,,,,3151000000000.0,2851000000000.0,2463000000000.0,2379000000000.0,2414000000000.0,2484000000000.0,2569000000000.0,2526000000000.0,2333000000000.0,2591000000000.0,2532000000000.0,1464000000000.0,1597000000000.0,1561000000000.0,1361000000000.0,1364000000000.0,1378000000000.0,1283000000000.0,1119000000000.0,1122000000000.0
TLKM,IDX,IDR,Balance Sheet (Quarterly),quarterly,machinery,Machinery,2026-07-07 22:35:26,,,,,,,263031000000000.0,261053000000000.0,259690000000000.0,255966000000000.0,255448000000000.0,253927000000000.0,253361000000000.0,246993000000000.0,250711000000000.0,249146000000000.0,248349000000000.0,245260000000000.0,242485000000000.0,238213000000000.0,234978000000000.0,233555000000000.0,230509000000000.0,227371000000000.0,220349000000000.0,219358000000000.0
TLKM,IDX,IDR,Balance Sheet (Quarterly),quarterly,minorityInterestBS,Minority Interest,2026-07-07 22:35:26,,,,,,,21318000000000.0,19852000000000.0,17873000000000.0,16221000000000.0,22183000000000.0,20396000000000.0,18649000000000.0,17104000000000.0,22497000000000.0,20818000000000.0,18800000000000.0,16506000000000.0,22028000000000.0,19851000000000.0,21827000000000.0,20438000000000.0,25536000000000.0,23753000000000.0,14093000000000.0,11699000000000.0
TLKM,IDX,IDR,Balance Sheet (Quarterly),quarterly,netCashGrowth,Net Cash Growth,2026-07-07 22:35:26,,,,,,,,,,,,,,,,,,,,,,,,,,
TLKM,IDX,IDR,Balance Sheet (Quarterly),quarterly,netPPE,"Property, Plant & Equipment",2026-07-07 22:35:26,,,,,,,190863000000000.0,193414000000000.0,205133000000000.0,205010000000000.0,206189000000000.0,197245000000000.0,205742000000000.0,204490000000000.0,202639000000000.0,203339000000000.0,197946000000000.0,196144000000000.0,194447000000000.0,193022000000000.0,185684000000000.0,181096000000000.0,181826000000000.0,183495000000000.0,177986000000000.0,176841000000000.0
TLKM,IDX,IDR,Balance Sheet (Quarterly),quarterly,netcash,Net Cash (Debt),2026-07-07 22:35:26,,,,,,,-29610000000000.0,-39441000000000.0,-44624000000000.0,-50372000000000.0,-33448000000000.0,-41841000000000.0,-45964000000000.0,-50993000000000.0,-30533000000000.0,-37694000000000.0,-41546000000000.0,-32742000000000.0,-29414000000000.0,-29970000000000.0,-34888000000000.0,-33592000000000.0,-20556000000000.0,-30338000000000.0,-50391000000000.0,-41989000000000.0
TLKM,IDX,IDR,Balance Sheet (Quarterly),quarterly,netcashpershare,Net Cash Per Share,2026-07-07 22:35:26,,,,,,,-299.21241,-398.16289,-450.46438,-508.48852,-337.64639,-422.37092,-463.99123,-514.75731,-308.22044,-380.50834,-419.393,-330.51956,-296.92451,-302.53714,-352.18271,-339.10002,-207.50596,-306.25198,-508.68032,-423.86493
TLKM,IDX,IDR,Balance Sheet (Quarterly),quarterly,otherCurrentLiabilities,Other Current Liabilities,2026-07-07 22:35:26,,,,,,,12648000000000.0,13283000000000.0,12247000000000.0,16522000000000.0,13482000000000.0,13857000000000.0,12566000000000.0,13375000000000.0,15311000000000.0,16660000000000.0,13384000000000.0,31695000000000.0,13495000000000.0,18240000000000.0,13283000000000.0,16150000000000.0,14357000000000.0,16604000000000.0,14088000000000.0,30775000000000.0
TLKM,IDX,IDR,Balance Sheet (Quarterly),quarterly,otherEquity,Comprehensive Income & Other,2026-07-07 22:35:26,,,,,,,10338000000000.0,10259000000000.0,10217000000000.0,10026000000000.0,10115000000000.0,9898000000000.0,9498000000000.0,9987000000000.0,9758000000000.0,9639000000000.0,9664000000000.0,9558000000000.0,9568000000000.0,564000000000.0,9596000000000.0,9536000000000.0,9422000000000.0,9395000000000.0,338000000000.0,447000000000.0
TLKM,IDX,IDR,Balance Sheet (Quarterly),quarterly,otherIntangibles,Other Intangible Assets,2026-07-07 22:35:26,,,,,,,9252000000000.0,9524000000000.0,9570000000000.0,9815000000000.0,9933000000000.0,10041000000000.0,9714000000000.0,9374000000000.0,9444000000000.0,9639000000000.0,9018000000000.0,9199000000000.0,9386000000000.0,8495000000000.0,7776000000000.0,7848000000000.0,7995000000000.0,7988000000000.0,5894000000000.0,7648000000000.0
TLKM,IDX,IDR,Balance Sheet (Quarterly),quarterly,otherReceivables,Other Receivables,2026-07-07 22:35:26,,,,,,,285000000000.0,490000000000.0,2729000000000.0,2618000000000.0,3027000000000.0,1032000000000.0,3053000000000.0,2284000000000.0,2807000000000.0,2194000000000.0,577000000000.0,1422000000000.0,252000000000.0,261000000000.0,607000000000.0,785000000000.0,899000000000.0,885000000000.0,821000000000.0,915000000000.0
TLKM,IDX,IDR,Balance Sheet (Quarterly),quarterly,othercurrent,Other Current Assets,2026-07-07 22:35:26,,,,,,,5293000000000.0,4668000000000.0,2752000000000.0,2503000000000.0,2671000000000.0,4628000000000.0,2782000000000.0,3168000000000.0,3468000000000.0,2101000000000.0,5793000000000.0,5879000000000.0,5351000000000.0,2570000000000.0,5783000000000.0,2276000000000.0,3938000000000.0,4925000000000.0,5858000000000.0,5338000000000.0
TLKM,IDX,IDR,Balance Sheet (Quarterly),quarterly,otherliabilitiesnoncurrent,Other Long-Term Liabilities,2026-07-07 22:35:26,,,,,,,1654000000000.0,1548000000000.0,1627000000000.0,1514000000000.0,1548000000000.0,1416000000000.0,1554000000000.0,1542000000000.0,1480000000000.0,1443000000000.0,1441000000000.0,271000000000.0,1688000000000.0,1619000000000.0,2134000000000.0,1975000000000.0,1952000000000.0,1905000000000.0,1403000000000.0,1422000000000.0
TLKM,IDX,IDR,Balance Sheet (Quarterly),quarterly,othernoncurrent,Other Long-Term Assets,2026-07-07 22:35:26,,,,,,,6645000000000.0,6672000000000.0,5352000000000.0,5109000000000.0,4972000000000.0,4614000000000.0,3528000000000.0,3771000000000.0,3429000000000.0,3446000000000.0,2787000000000.0,2849000000000.0,2857000000000.0,2332000000000.0,3408000000000.0,2238000000000.0,4090000000000.0,3959000000000.0,4239000000000.0,2540000000000.0
TLKM,IDX,IDR,Balance Sheet (Quarterly),quarterly,pensionRetirementBenefits,Pension & Post-Retirement Benefits,2026-07-07 22:35:26,,,,,,,13223000000000.0,12996000000000.0,12323000000000.0,12062000000000.0,11825000000000.0,11540000000000.0,11900000000000.0,11921000000000.0,11758000000000.0,11414000000000.0,11463000000000.0,12253000000000.0,10382000000000.0,10272000000000.0,11956000000000.0,11745000000000.0,11755000000000.0,11563000000000.0,13589000000000.0,13341000000000.0
TLKM,IDX,IDR,Balance Sheet (Quarterly),quarterly,prepaidExpenses,Prepaid Expenses,2026-07-07 22:35:26,,,,,,,6266000000000.0,6724000000000.0,4160000000000.0,4601000000000.0,6100000000000.0,6655000000000.0,3159000000000.0,4197000000000.0,6001000000000.0,6520000000000.0,3078000000000.0,3463000000000.0,5526000000000.0,7124000000000.0,2704000000000.0,5450000000000.0,4861000000000.0,5108000000000.0,2850000000000.0,3475000000000.0
TLKM,IDX,IDR,Balance Sheet (Quarterly),quarterly,receivables,Receivables,2026-07-07 22:35:26,,,,,,,14402000000000.0,14003000000000.0,17357000000000.0,17868000000000.0,17870000000000.0,15674000000000.0,18350000000000.0,18209000000000.0,17475000000000.0,15565000000000.0,12929000000000.0,13822000000000.0,12021000000000.0,11352000000000.0,11975000000000.0,12078000000000.0,12551000000000.0,11725000000000.0,13222000000000.0,13169000000000.0
TLKM,IDX,IDR,Balance Sheet (Quarterly),quarterly,retearn,Retained Earnings,2026-07-07 22:35:26,,,,,,,117535000000000.0,113193000000000.0,119664000000000.0,114857000000000.0,130741000000000.0,116647000000000.0,118540000000000.0,112519000000000.0,124495000000000.0,118441000000000.0,113365000000000.0,106623000000000.0,118381000000000.0,121730000000000.0,106312000000000.0,103041000000000.0,110708000000000.0,104587000000000.0,96718000000000.0,90297000000000.0
TLKM,IDX,IDR,Balance Sheet (Quarterly),quarterly,sharesOutFilingDate,Filing Date Shares Outstanding,2026-07-07 22:35:26,,,,,,,98867182000.0,99053271200.0,99060466600.0,99060466600.0,99062216600.0,99062216600.0,99062216600.0,99062216600.0,99062216600.0,99062216600.0,99062216600.0,99062216600.0,99062216600.0,99062216600.0,99062216600.0,99062216600.0,99062216600.0,99062216600.0,99062216600.0,99062216600.0
TLKM,IDX,IDR,Balance Sheet (Quarterly),quarterly,sharesOutTotalCommon,Total Common Shares Outstanding,2026-07-07 22:35:26,,,,,,,98867182000.0,99053271200.0,99060466600.0,99060466600.0,99062216600.0,99062216600.0,99062216600.0,99062216600.0,99062216600.0,99062216600.0,99062216600.0,99062216600.0,99062216600.0,99062216600.0,99062216600.0,99062216600.0,99062216600.0,99062216600.0,99062216600.0,99062216600.0
TLKM,IDX,IDR,Balance Sheet (Quarterly),quarterly,tangibleBookValue,Tangible Book Value,2026-07-07 22:35:26,,,,,,,124326000000000.0,120247000000000.0,126574000000000.0,121331000000000.0,137191000000000.0,122772000000000.0,124916000000000.0,119724000000000.0,131401000000000.0,125026000000000.0,120585000000000.0,113556000000000.0,125137000000000.0,119631000000000.0,114706000000000.0,111303000000000.0,118709000000000.0,112568000000000.0,97451000000000.0,89456000000000.0
TLKM,IDX,IDR,Balance Sheet (Quarterly),quarterly,tangibleBookValuePerShare,Tangible Book Value Per Share,2026-07-07 22:35:26,,,,,,,1257.505245,1213.962936,1277.744839,1224.81757,1384.897337,1239.342346,1260.98531,1208.573804,1326.44922,1262.095724,1217.265312,1146.309903,1263.216232,1207.635,1157.91877,1123.566621,1198.327718,1136.336373,983.735306,903.02845
TLKM,IDX,IDR,Balance Sheet (Quarterly),quarterly,totalCommonEquity,Total Common Equity,2026-07-07 22:35:26,,,,,,,134492000000000.0,130685000000000.0,137139000000000.0,132141000000000.0,148119000000000.0,133808000000000.0,135702000000000.0,130170000000000.0,141917000000000.0,135744000000000.0,130693000000000.0,123845000000000.0,135613000000000.0,129224000000000.0,123572000000000.0,120241000000000.0,127794000000000.0,121646000000000.0,104720000000000.0,98408000000000.0
TLKM,IDX,IDR,Balance Sheet (Quarterly),quarterly,totalcash,Cash & Short-Term Investments,2026-07-07 22:35:26,,,,,,,39125000000000.0,35470000000000.0,33054000000000.0,34427000000000.0,35708000000000.0,35027000000000.0,27175000000000.0,28123000000000.0,30769000000000.0,30430000000000.0,27453000000000.0,41608000000000.0,31295000000000.0,32883000000000.0,31982000000000.0,40578000000000.0,42571000000000.0,38740000000000.0,18111000000000.0,36994000000000.0
TLKM,IDX,IDR,Balance Sheet (Quarterly),quarterly,treasuryStock,Treasury Stock,2026-07-07 22:35:26,,,,,,,-644000000000.0,-30000000000.0,-5000000000.0,-5000000000.0,,,,,,,,,,,,,,,,
TLKM,IDX,IDR,Balance Sheet (Quarterly),quarterly,workingcapital,Working Capital,2026-07-07 22:35:26,,,,,,,-5681000000000.0,-12182000000000.0,-17277000000000.0,-24623000000000.0,-8222000000000.0,-13687000000000.0,-22609000000000.0,-28440000000000.0,-9130000000000.0,-15955000000000.0,-19967000000000.0,-29460000000000.0,-9897000000000.0,-15162000000000.0,-11523000000000.0,-15467000000000.0,-5183000000000.0,-7854000000000.0,-27501000000000.0,-31130000000000.0
TLKM,IDX,IDR,Cash Flow Statement (Annual),annual,assetWritedownCF,Asset Writedown & Restructuring Costs,2026-07-07 22:35:29,,,77000000000.0,13000000000.0,,,,,,,,,,,,,,,,,,,,,,
TLKM,IDX,IDR,Cash Flow Statement (Annual),annual,capex,Capital Expenditures,2026-07-07 22:35:29,-22161000000000.0,-22871000000000.0,-26005000000000.0,-33601000000000.0,-35010000000000.0,-29923000000000.0,,,,,,,,,,,,,,,,,,,,
TLKM,IDX,IDR,Cash Flow Statement (Annual),annual,cashAcquisition,Cash Acquisitions,2026-07-07 22:35:29,,,-635000000000.0,,,,,,,,,,,,,,,,,,,,,,,
TLKM,IDX,IDR,Cash Flow Statement (Annual),annual,cashInterestPaid,Cash Interest Paid,2026-07-07 22:35:29,4945000000000.0,5230000000000.0,5295000000000.0,4748000000000.0,4064000000000.0,4426000000000.0,,,,,,,,,,,,,,,,,,,,
TLKM,IDX,IDR,Cash Flow Statement (Annual),annual,cashTaxesPaid,Cash Income Tax Paid,2026-07-07 22:35:29,7651000000000.0,9116000000000.0,10384000000000.0,10065000000000.0,6054000000000.0,5911000000000.0,,,,,,,,,,,,,,,,,,,,
TLKM,IDX,IDR,Cash Flow Statement (Annual),annual,commonDividendCF,Common Dividends Paid,2026-07-07 22:35:29,-21047000000000.0,-21047000000000.0,-17683000000000.0,-16603000000000.0,-14856000000000.0,-12482000000000.0,,,,,,,,,,,,,,,,,,,,
TLKM,IDX,IDR,Cash Flow Statement (Annual),annual,commonIssued,Issuance of Common Stock,2026-07-07 22:35:29,,,,,,,,,,,,,,,,,,,,,,,,,,
TLKM,IDX,IDR,Cash Flow Statement (Annual),annual,commonRepurchased,Repurchase of Common Stock,2026-07-07 22:35:29,-644000000000.0,-30000000000.0,,,,,,,,,,,,,,,,,,,,,,,,
TLKM,IDX,IDR,Cash Flow Statement (Annual),annual,debtIssuedLongTerm,Long-Term Debt Issued,2026-07-07 22:35:29,,69895000000000.0,52653000000000.0,38834000000000.0,35958000000000.0,46612000000000.0,,,,,,,,,,,,,,,,,,,,
TLKM,IDX,IDR,Cash Flow Statement (Annual),annual,debtRepaidLongTerm,Long-Term Debt Repaid,2026-07-07 22:35:29,,-79393000000000.0,-54994000000000.0,-41925000000000.0,-51328000000000.0,-47965000000000.0,,,,,,,,,,,,,,,,,,,,
TLKM,IDX,IDR,Cash Flow Statement (Annual),annual,divestitures,Divestitures,2026-07-07 22:35:29,,,,,,,,,,,,,,,,,,,,,,,,,,
TLKM,IDX,IDR,Cash Flow Statement (Annual),annual,exchangeRateAdjustments,Foreign Exchange Rate Adjustments,2026-07-07 22:35:29,316000000000.0,320000000000.0,260000000000.0,-44000000000.0,370000000000.0,59000000000.0,,,,,,,,,,,,,,,,,,,,
TLKM,IDX,IDR,Cash Flow Statement (Annual),annual,fcf,Free Cash Flow,2026-07-07 22:35:29,42195000000000.0,40971000000000.0,35595000000000.0,26980000000000.0,38344000000000.0,38430000000000.0,,,,,,,,,,,,,,,,,,,,
TLKM,IDX,IDR,Cash Flow Statement (Annual),annual,fcfGrowth,Free Cash Flow Growth,2026-07-07 22:35:29,0.14331,0.15103,0.31931,-0.29637,-0.00224,0.07475,,,,,,,,,,,,,,,,,,,,
TLKM,IDX,IDR,Cash Flow Statement (Annual),annual,fcfMargin,Free Cash Flow Margin,2026-07-07 22:35:29,0.28647,0.2792,0.23735,0.18081,0.2603,0.26835,,,,,,,,,,,,,,,,,,,,
TLKM,IDX,IDR,Cash Flow Statement (Annual),annual,fcfps,Free Cash Flow Per Share,2026-07-07 22:35:29,426.06,413.594,359.32,272.354,387.07,387.938,,,,,,,,,,,,,,,,,,,,
TLKM,IDX,IDR,Cash Flow Statement (Annual),annual,investInSecurities,Investment in Securities,2026-07-07 22:35:29,910000000000.0,561000000000.0,312000000000.0,-641000000000.0,-2238000000000.0,-5593000000000.0,,,,,,,,,,,,,,,,,,,,
TLKM,IDX,IDR,Cash Flow Statement (Annual),annual,leveredFCF,Levered Free Cash Flow,2026-07-07 22:35:29,34258000000000.0,32318500000000.0,22080250000000.0,16037625000000.0,22526125000000.0,27806500000000.0,,,,,,,,,,,,,,,,,,,,
TLKM,IDX,IDR,Cash Flow Statement (Annual),annual,miscCashFlowAdjustments,Miscellaneous Cash Flow Adjustments,2026-07-07 22:35:29,-1000000000.0,-1000000000.0,-1000000000.0,-1000000000.0,-1000000000.0,-1000000000.0,,,,,,,,,,,,,,,,,,,,
TLKM,IDX,IDR,Cash Flow Statement (Annual),annual,ncf,Net Cash Flow,2026-07-07 22:35:29,3139000000000.0,323000000000.0,4898000000000.0,-2940000000000.0,-6364000000000.0,17722000000000.0,,,,,,,,,,,,,,,,,,,,
TLKM,IDX,IDR,Cash Flow Statement (Annual),annual,ncff,Financing Cash Flow,2026-07-07 22:35:29,-36838000000000.0,-37743000000000.0,-27505000000000.0,-26567000000000.0,-40965000000000.0,-12775000000000.0,,,,,,,,,,,,,,,,,,,,
TLKM,IDX,IDR,Cash Flow Statement (Annual),annual,ncfi,Investing Cash Flow,2026-07-07 22:35:29,-24694000000000.0,-26095000000000.0,-29456000000000.0,-36909000000000.0,-39122000000000.0,-37914000000000.0,,,,,,,,,,,,,,,,,,,,
TLKM,IDX,IDR,Cash Flow Statement (Annual),annual,ncfo,Operating Cash Flow,2026-07-07 22:35:29,64356000000000.0,63842000000000.0,61600000000000.0,60581000000000.0,73354000000000.0,68353000000000.0,,,,,,,,,,,,,,,,,,,,
TLKM,IDX,IDR,Cash Flow Statement (Annual),annual,netDebtIssued,Net Debt Issued (Repaid),2026-07-07 22:35:29,-7742000000000.0,-9498000000000.0,-2341000000000.0,-3091000000000.0,-15370000000000.0,-1353000000000.0,,,,,,,,,,,,,,,,,,,,
TLKM,IDX,IDR,Cash Flow Statement (Annual),annual,netIncomeCF,Net Income,2026-07-07 22:35:29,16609000000000.0,17814000000000.0,22403000000000.0,24560000000000.0,20736000000000.0,24877000000000.0,,,,,,,,,,,,,,,,,,,,
TLKM,IDX,IDR,Cash Flow Statement (Annual),annual,ocfGrowth,Operating Cash Flow Growth,2026-07-07 22:35:29,0.02894,0.0364,0.01682,-0.17413,0.07316,0.04648,,,,,,,,,,,,,,,,,,,,
TLKM,IDX,IDR,Cash Flow Statement (Annual),annual,otherAmortization,Other Amortization,2026-07-07 22:35:29,3615000000000.0,2906000000000.0,2515000000000.0,2321000000000.0,2063000000000.0,,,,,,,,,,,,,,,,,,,,,
TLKM,IDX,IDR,Cash Flow Statement (Annual),annual,otherfinancing,Other Financing Activities,2026-07-07 22:35:29,-7405000000000.0,-7168000000000.0,-7481000000000.0,-6873000000000.0,-10739000000000.0,5221000000000.0,,,,,,,,,,,,,,,,,,,,
TLKM,IDX,IDR,Cash Flow Statement (Annual),annual,otherinvesting,Other Investing Activities,2026-07-07 22:35:29,-748000000000.0,-966000000000.0,-187000000000.0,50000000000.0,859000000000.0,-309000000000.0,,,,,,,,,,,,,,,,,,,,
TLKM,IDX,IDR,Cash Flow Statement (Annual),annual,otheroperating,Other Operating Activities,2026-07-07 22:35:29,9777000000000.0,8379000000000.0,5016000000000.0,3358000000000.0,19489000000000.0,11762000000000.0,,,,,,,,,,,,,,,,,,,,
TLKM,IDX,IDR,Cash Flow Statement (Annual),annual,saleOfPropertyPlantAndEquipment,"Sale of Property, Plant & Equipment",2026-07-07 22:35:29,78000000000.0,78000000000.0,717000000000.0,100000000000.0,526000000000.0,756000000000.0,,,,,,,,,,,,,,,,,,,,
TLKM,IDX,IDR,Cash Flow Statement (Annual),annual,salePurchaseIntangibles,Sale (Purchase) of Intangibles,2026-07-07 22:35:29,-2773000000000.0,-2897000000000.0,-3658000000000.0,-2817000000000.0,-3259000000000.0,-2845000000000.0,,,,,,,,,,,,,,,,,,,,
TLKM,IDX,IDR,Cash Flow Statement (Annual),annual,totalDepAmorCF,Depreciation & Amortization,2026-07-07 22:35:29,34355000000000.0,34743000000000.0,31589000000000.0,30329000000000.0,31066000000000.0,31714000000000.0,,,,,,,,,,,,,,,,,,,,
TLKM,IDX,IDR,Cash Flow Statement (Annual),annual,unleveredFCF,Unlevered Free Cash Flow,2026-07-07 22:35:29,37327375000000.0,35572250000000.0,25335250000000.0,18945125000000.0,25074250000000.0,30552750000000.0,,,,,,,,,,,,,,,,,,,,
TLKM,IDX,IDR,Cash Flow Statement (Quarterly),quarterly,assetWritedownCF,Asset Writedown & Restructuring Costs,2026-07-07 22:35:31,,,,,,,,,,,,77000000000.0,,,,13000000000.0,,,,,,,,277000000000.0,,
TLKM,IDX,IDR,Cash Flow Statement (Quarterly),quarterly,capex,Capital Expenditures,2026-07-07 22:35:31,,,,,,,-4391000000000.0,-6693000000000.0,-6263000000000.0,-4814000000000.0,-5101000000000.0,-7520000000000.0,-6185000000000.0,-6834000000000.0,-5466000000000.0,-10868000000000.0,-8043000000000.0,-5070000000000.0,-9620000000000.0,-11758000000000.0,-6874000000000.0,-8718000000000.0,-7660000000000.0,-9540000000000.0,-6590000000000.0,-7608000000000.0
TLKM,IDX,IDR,Cash Flow Statement (Quarterly),quarterly,cashAcquisition,Cash Acquisitions,2026-07-07 22:35:31,,,,,,,,,,,,-635000000000.0,,,,1684000000000.0,-36000000000.0,-1648000000000.0,,,,,,,,
TLKM,IDX,IDR,Cash Flow Statement (Quarterly),quarterly,cashInterestPaid,Cash Interest Paid,2026-07-07 22:35:31,,,,,,,1057000000000.0,1132000000000.0,1451000000000.0,1305000000000.0,1342000000000.0,1392000000000.0,1471000000000.0,1151000000000.0,1281000000000.0,1200000000000.0,1257000000000.0,1134000000000.0,1157000000000.0,998000000000.0,1089000000000.0,1001000000000.0,976000000000.0,1049000000000.0,1252000000000.0,1045000000000.0
TLKM,IDX,IDR,Cash Flow Statement (Quarterly),quarterly,cashTaxesPaid,Cash Income Tax Paid,2026-07-07 22:35:31,,,,,,,1225000000000.0,2880000000000.0,2705000000000.0,841000000000.0,2690000000000.0,2463000000000.0,2356000000000.0,3193000000000.0,2372000000000.0,2164000000000.0,2363000000000.0,5009000000000.0,529000000000.0,1691000000000.0,1725000000000.0,2337000000000.0,301000000000.0,3220000000000.0,648000000000.0,1958000000000.0
TLKM,IDX,IDR,Cash Flow Statement (Quarterly),quarterly,commonDividendCF,Common Dividends Paid,2026-07-07 22:35:31,,,,,,,,,,-21047000000000.0,,,,-17683000000000.0,,-1000000000.0,-16602000000000.0,,,,,-14856000000000.0,,,-12482000000000.0,
TLKM,IDX,IDR,Cash Flow Statement (Quarterly),quarterly,commonIssued,Issuance of Common Stock,2026-07-07 22:35:31,,,,,,,,,,,,,,,,,,,,,,,,,,
TLKM,IDX,IDR,Cash Flow Statement (Quarterly),quarterly,commonRepurchased,Repurchase of Common Stock,2026-07-07 22:35:31,,,,,,,-614000000000.0,-25000000000.0,,-5000000000.0,,,,,,,,,,,,,,,,
TLKM,IDX,IDR,Cash Flow Statement (Quarterly),quarterly,debtIssuedLongTerm,Long-Term Debt Issued,2026-07-07 22:35:31,,,,,,,11572000000000.0,,,,8927000000000.0,,,,6328000000000.0,,,,7182000000000.0,,,,5162000000000.0,,,
TLKM,IDX,IDR,Cash Flow Statement (Quarterly),quarterly,debtIssuedTotal,Total Debt Issued,2026-07-07 22:35:31,,,,,,,11572000000000.0,16706000000000.0,13500000000000.0,30762000000000.0,8927000000000.0,20746000000000.0,7718000000000.0,17861000000000.0,6328000000000.0,6638000000000.0,11151000000000.0,13863000000000.0,7182000000000.0,4394000000000.0,7632000000000.0,18770000000000.0,5162000000000.0,8449000000000.0,11454000000000.0,16597000000000.0
TLKM,IDX,IDR,Cash Flow Statement (Quarterly),quarterly,debtRepaidLongTerm,Long-Term Debt Repaid,2026-07-07 22:35:31,,,,,,,-19739000000000.0,,,,-18850000000000.0,,,,-15689000000000.0,,,,-10856000000000.0,,,,-11573000000000.0,,,
TLKM,IDX,IDR,Cash Flow Statement (Quarterly),quarterly,debtRepaidTotal,Total Debt Repaid,2026-07-07 22:35:31,,,,,,,-19739000000000.0,-20902000000000.0,-23157000000000.0,-16484000000000.0,-18850000000000.0,-19509000000000.0,-16653000000000.0,-3143000000000.0,-15689000000000.0,-10921000000000.0,-18345000000000.0,-1803000000000.0,-10856000000000.0,-11077000000000.0,-22957000000000.0,-5721000000000.0,-11573000000000.0,-10450000000000.0,-24046000000000.0,-5335000000000.0
TLKM,IDX,IDR,Cash Flow Statement (Quarterly),quarterly,divestitures,Divestitures,2026-07-07 22:35:31,,,,,,,,,,,,,,,,,,,,,,,,,,
TLKM,IDX,IDR,Cash Flow Statement (Quarterly),quarterly,exchangeRateAdjustments,Foreign Exchange Rate Adjustments,2026-07-07 22:35:31,,,,,,,170000000000.0,12000000000.0,220000000000.0,-86000000000.0,174000000000.0,340000000000.0,-328000000000.0,70000000000.0,178000000000.0,-5000000000.0,135000000000.0,-18000000000.0,-156000000000.0,93000000000.0,96000000000.0,155000000000.0,26000000000.0,-5000000000.0,-44000000000.0,5000000000.0
TLKM,IDX,IDR,Cash Flow Statement (Quarterly),quarterly,fcf,Free Cash Flow,2026-07-07 22:35:31,,,,,,,12899000000000.0,7544000000000.0,10769000000000.0,10983000000000.0,11675000000000.0,8125000000000.0,10083000000000.0,7023000000000.0,10364000000000.0,6936000000000.0,9114000000000.0,8173000000000.0,2757000000000.0,10730000000000.0,9048000000000.0,7609000000000.0,10957000000000.0,7841000000000.0,11297000000000.0,8044000000000.0
TLKM,IDX,IDR,Cash Flow Statement (Quarterly),quarterly,fcfGrowth,Free Cash Flow Growth,2026-07-07 22:35:31,,,,,,,0.10484,-0.07151,0.06804,0.56386,0.1265,0.17142,0.10632,-0.14071,2.75916,-0.35359,0.00729,0.07412,-0.74838,0.36845,-0.19908,-0.05408,-0.04381,0.34149,0.13094,0.2626
TLKM,IDX,IDR,Cash Flow Statement (Quarterly),quarterly,fcfMargin,Free Cash Flow Margin,2026-07-07 22:35:31,,,,,,,0.34685,0.20321,0.29413,0.30202,0.31865,0.21524,0.27305,0.18548,0.2769,0.18263,0.24137,0.2186,0.07639,0.27919,0.24526,0.20691,0.31121,0.21097,0.30897,0.22637
TLKM,IDX,IDR,Cash Flow Statement (Quarterly),quarterly,fcfps,Free Cash Flow Per Share,2026-07-07 22:35:31,,,,,,,130.346,76.158,108.709,110.87,117.855,82.019,101.785,70.895,104.621,70.017,92.003,82.504,27.831,108.316,91.337,76.81,110.607,79.152,114.039,81.201
TLKM,IDX,IDR,Cash Flow Statement (Quarterly),quarterly,investInSecurities,Investment in Securities,2026-07-07 22:35:31,,,,,,,-10000000000.0,381000000000.0,-320000000000.0,859000000000.0,-359000000000.0,1502000000000.0,70000000000.0,-1441000000000.0,181000000000.0,87000000000.0,-441000000000.0,272000000000.0,-559000000000.0,-841000000000.0,-397000000000.0,202000000000.0,-1202000000000.0,-495000000000.0,-461000000000.0,-4396000000000.0
TLKM,IDX,IDR,Cash Flow Statement (Quarterly),quarterly,leveredFCF,Levered Free Cash Flow,2026-07-07 22:35:31,,,,,,,9464625000000.0,9169625000000.0,5669375000000.0,10075125000000.0,7525125000000.0,5508375000000.0,5752500000000.0,5691750000000.0,5127625000000.0,4804250000000.0,-12018500000000.0,24616250000000.0,-1364375000000.0,7660000000000.0,3383375000000.0,4685000000000.0,6797750000000.0,8218250000000.0,-8576625000000.0,20837375000000.0
TLKM,IDX,IDR,Cash Flow Statement (Quarterly),quarterly,miscCashFlowAdjustments,Miscellaneous Cash Flow Adjustments,2026-07-07 22:35:31,,,,,,,-1000000000.0,,,,-1000000000.0,,,,-1000000000.0,,,,-1000000000.0,,-1000000000.0,,,-1000000000.0,,
TLKM,IDX,IDR,Cash Flow Statement (Quarterly),quarterly,ncf,Net Cash Flow,2026-07-07 22:35:31,,,,,,,3321000000000.0,2674000000000.0,-1631000000000.0,-1225000000000.0,505000000000.0,9365000000000.0,-918000000000.0,-4063000000000.0,514000000000.0,3102000000000.0,-14616000000000.0,10586000000000.0,-2012000000000.0,290000000000.0,-8503000000000.0,-1469000000000.0,3318000000000.0,20820000000000.0,-19122000000000.0,4884000000000.0
TLKM,IDX,IDR,Cash Flow Statement (Quarterly),quarterly,ncff,Financing Cash Flow,2026-07-07 22:35:31,,,,,,,-9018000000000.0,-4030000000000.0,-11793000000000.0,-11997000000000.0,-9923000000000.0,1323000000000.0,-9551000000000.0,-9838000000000.0,-9439000000000.0,-4050000000000.0,-23315000000000.0,4472000000000.0,-3674000000000.0,-9930000000000.0,-15328000000000.0,-9341000000000.0,-6366000000000.0,14356000000000.0,-29229000000000.0,1520000000000.0
TLKM,IDX,IDR,Cash Flow Statement (Quarterly),quarterly,ncfi,Investing Cash Flow,2026-07-07 22:35:31,,,,,,,-5120000000000.0,-7545000000000.0,-7090000000000.0,-4939000000000.0,-6521000000000.0,-7943000000000.0,-7307000000000.0,-8152000000000.0,-6054000000000.0,-10647000000000.0,-8593000000000.0,-7111000000000.0,-10558000000000.0,-12361000000000.0,-9192000000000.0,-8610000000000.0,-8959000000000.0,-10911000000000.0,-7736000000000.0,-12293000000000.0
TLKM,IDX,IDR,Cash Flow Statement (Quarterly),quarterly,ncfo,Operating Cash Flow,2026-07-07 22:35:31,,,,,,,17290000000000.0,14237000000000.0,17032000000000.0,15797000000000.0,16776000000000.0,15645000000000.0,16268000000000.0,13857000000000.0,15830000000000.0,17804000000000.0,17157000000000.0,13243000000000.0,12377000000000.0,22488000000000.0,15922000000000.0,16327000000000.0,18617000000000.0,17381000000000.0,17887000000000.0,15652000000000.0
TLKM,IDX,IDR,Cash Flow Statement (Quarterly),quarterly,netDebtIssued,Net Debt Issued (Repaid),2026-07-07 22:35:31,,,,,,,-8167000000000.0,-4196000000000.0,-9657000000000.0,14278000000000.0,-9923000000000.0,1237000000000.0,-8935000000000.0,14718000000000.0,-9361000000000.0,-4283000000000.0,-7194000000000.0,12060000000000.0,-3674000000000.0,-6683000000000.0,-15325000000000.0,13049000000000.0,-6411000000000.0,-2001000000000.0,-12592000000000.0,11262000000000.0
TLKM,IDX,IDR,Cash Flow Statement (Quarterly),quarterly,netIncomeCF,Net Income,2026-07-07 22:35:31,,,,,,,4344000000000.0,2030000000000.0,4809000000000.0,5165000000000.0,5549000000000.0,4728000000000.0,5914000000000.0,5708000000000.0,6053000000000.0,5061000000000.0,6743000000000.0,6332000000000.0,6424000000000.0,4155000000000.0,3271000000000.0,7192000000000.0,6118000000000.0,5888000000000.0,6421000000000.0,6437000000000.0
TLKM,IDX,IDR,Cash Flow Statement (Quarterly),quarterly,ocfGrowth,Operating Cash Flow Growth,2026-07-07 22:35:31,,,,,,,0.03064,-0.09,0.04696,0.14,0.05976,-0.12126,-0.05182,0.04636,0.27899,-0.20829,0.07757,-0.18889,-0.33518,0.29383,-0.10986,0.04313,0.06792,-0.0272,0.34701,-0.05529
TLKM,IDX,IDR,Cash Flow Statement (Quarterly),quarterly,otherAmortization,Other Amortization,2026-07-07 22:35:31,,,,,,,709000000000.0,791000000000.0,744000000000.0,700000000000.0,,2515000000000.0,,,,2321000000000.0,,,,2063000000000.0,,,,1828000000000.0,,
TLKM,IDX,IDR,Cash Flow Statement (Quarterly),quarterly,otherfinancing,Other Financing Activities,2026-07-07 22:35:31,,,,,,,-237000000000.0,191000000000.0,-2136000000000.0,-5223000000000.0,,86000000000.0,-616000000000.0,-6873000000000.0,-78000000000.0,234000000000.0,481000000000.0,-7588000000000.0,,-3247000000000.0,-3000000000.0,-7534000000000.0,45000000000.0,16357000000000.0,6000000000.0,-9742000000000.0
TLKM,IDX,IDR,Cash Flow Statement (Quarterly),quarterly,otherinvesting,Other Investing Activities,2026-07-07 22:35:31,,,,,,,-108000000000.0,-579000000000.0,27000000000.0,-88000000000.0,-326000000000.0,-362000000000.0,109000000000.0,42000000000.0,24000000000.0,-338000000000.0,494000000000.0,-275000000000.0,169000000000.0,1600000000000.0,-1529000000000.0,185000000000.0,603000000000.0,-280000000000.0,-5000000000.0,65000000000.0
TLKM,IDX,IDR,Cash Flow Statement (Quarterly),quarterly,otheroperating,Other Operating Activities,2026-07-07 22:35:31,,,,,,,4248000000000.0,-375000000000.0,3354000000000.0,2489000000000.0,2850000000000.0,986000000000.0,2233000000000.0,105000000000.0,1692000000000.0,4161000000000.0,2281000000000.0,-1156000000000.0,-1928000000000.0,10222000000000.0,4619000000000.0,125000000000.0,4523000000000.0,1860000000000.0,3981000000000.0,1803000000000.0
TLKM,IDX,IDR,Cash Flow Statement (Quarterly),quarterly,saleOfPropertyPlantAndEquipment,"Sale of Property, Plant & Equipment",2026-07-07 22:35:31,,,,,,,,76000000000.0,1000000000.0,1000000000.0,,11000000000.0,,706000000000.0,,17000000000.0,59000000000.0,13000000000.0,11000000000.0,135000000000.0,95000000000.0,187000000000.0,109000000000.0,240000000000.0,139000000000.0,230000000000.0
TLKM,IDX,IDR,Cash Flow Statement (Quarterly),quarterly,salePurchaseIntangibles,Sale (Purchase) of Intangibles,2026-07-07 22:35:31,,,,,,,-611000000000.0,-730000000000.0,-535000000000.0,-897000000000.0,-735000000000.0,-939000000000.0,-1301000000000.0,-625000000000.0,-793000000000.0,-1229000000000.0,-626000000000.0,-403000000000.0,-559000000000.0,-1497000000000.0,-487000000000.0,-466000000000.0,-809000000000.0,-836000000000.0,-819000000000.0,-584000000000.0
TLKM,IDX,IDR,Cash Flow Statement (Quarterly),quarterly,totalDepAmorCF,Depreciation & Amortization,2026-07-07 22:35:31,,,,,,,7989000000000.0,11791000000000.0,8125000000000.0,7443000000000.0,8377000000000.0,7339000000000.0,8121000000000.0,8044000000000.0,8085000000000.0,6248000000000.0,8133000000000.0,8067000000000.0,7881000000000.0,6048000000000.0,8032000000000.0,9010000000000.0,7976000000000.0,7528000000000.0,7485000000000.0,7412000000000.0
TLKM,IDX,IDR,Cash Flow Statement (Quarterly),quarterly,unleveredFCF,Unlevered Free Cash Flow,2026-07-07 22:35:31,,,,,,,10102750000000.0,9904000000000.0,6534375000000.0,10907000000000.0,8347625000000.0,6352750000000.0,6651250000000.0,6454250000000.0,5877000000000.0,5548000000000.0,-11257875000000.0,25347500000000.0,-692500000000.0,8327500000000.0,4043375000000.0,5315000000000.0,7388375000000.0,8829500000000.0,-7750375000000.0,21514250000000.0
TLKM,IDX,IDR,Income Statement (Annual),annual,cor,Cost of Revenue,2026-07-07 22:35:19,59828000000000.0,59039000000000.0,60010000000000.0,58238000000000.0,54658000000000.0,53530000000000.0,,,,,,,,,,,,,,,,,,,,
TLKM,IDX,IDR,Income Statement (Annual),annual,currencyGains,Currency Exchange Gain (Loss),2026-07-07 22:35:19,194000000000.0,180000000000.0,136000000000.0,-36000000000.0,256000000000.0,50000000000.0,,,,,,,,,,,,,,,,,,,,
TLKM,IDX,IDR,Income Statement (Annual),annual,depAmorEbitda,D&A For EBITDA,2026-07-07 22:35:19,28652000000000.0,29082000000000.0,26090000000000.0,25169000000000.0,25840000000000.0,31714000000000.0,,,,,,,,,,,,,,,,,,,,
TLKM,IDX,IDR,Income Statement (Annual),annual,dividendGrowth,Dividend Growth,2026-07-07 22:35:19,,,0.19031,0.0651,0.11749,0.19014,,,,,,,,,,,,,,,,,,,,
TLKM,IDX,IDR,Income Statement (Annual),annual,dps,Dividend Per Share,2026-07-07 22:35:19,,,212.47,178.5,167.59,149.97,,,,,,,,,,,,,,,,,,,,
TLKM,IDX,IDR,Income Statement (Annual),annual,earningContinuing,Earnings From Continuing Operations,2026-07-07 22:35:19,23176000000000.0,24458000000000.0,29497000000000.0,32208000000000.0,27720000000000.0,34099000000000.0,,,,,,,,,,,,,,,,,,,,
TLKM,IDX,IDR,Income Statement (Annual),annual,ebit,EBIT,2026-07-07 22:35:19,34791000000000.0,35418000000000.0,41514000000000.0,44885000000000.0,45202000000000.0,43318000000000.0,,,,,,,,,,,,,,,,,,,,
TLKM,IDX,IDR,Income Statement (Annual),annual,ebitMargin,EBIT Margin,2026-07-07 22:35:19,0.2362,0.24136,0.27682,0.30081,0.30686,0.30248,,,,,,,,,,,,,,,,,,,,
TLKM,IDX,IDR,Income Statement (Annual),annual,ebitda,EBITDA,2026-07-07 22:35:19,63443000000000.0,64500000000000.0,67604000000000.0,70054000000000.0,71042000000000.0,75032000000000.0,,,,,,,,,,,,,,,,,,,,
TLKM,IDX,IDR,Income Statement (Annual),annual,ebitdaMargin,EBITDA Margin,2026-07-07 22:35:19,0.43073,0.43955,0.45079,0.46948,0.48227,0.52393,,,,,,,,,,,,,,,,,,,,
TLKM,IDX,IDR,Income Statement (Annual),annual,ebtExcl,EBT Excluding Unusual Items,2026-07-07 22:35:19,31656000000000.0,32052000000000.0,37812000000000.0,41259000000000.0,42172000000000.0,39454000000000.0,,,,,,,,,,,,,,,,,,,,
TLKM,IDX,IDR,Income Statement (Annual),annual,epsBasic,EPS (Basic),2026-07-07 22:35:19,167.707674,179.828545,226.150804,247.924999,209.322996,251.125008,,,,,,,,,,,,,,,,,,,,
TLKM,IDX,IDR,Income Statement (Annual),annual,epsGrowth,EPS Growth,2026-07-07 22:35:19,-0.24136,-0.20483,-0.08783,0.18441,-0.16646,0.19578,,,,,,,,,,,,,,,,,,,,
TLKM,IDX,IDR,Income Statement (Annual),annual,epsdil,EPS (Diluted),2026-07-07 22:35:19,167.707674,179.828545,226.150804,247.924999,209.322996,251.125008,,,,,,,,,,,,,,,,,,,,
TLKM,IDX,IDR,Income Statement (Annual),annual,fcf,Free Cash Flow,2026-07-07 22:35:19,42195000000000.0,40971000000000.0,35595000000000.0,26980000000000.0,38344000000000.0,38430000000000.0,,,,,,,,,,,,,,,,,,,,
TLKM,IDX,IDR,Income Statement (Annual),annual,fcfMargin,Free Cash Flow Margin,2026-07-07 22:35:19,0.28647,0.2792,0.23735,0.18081,0.2603,0.26835,,,,,,,,,,,,,,,,,,,,
TLKM,IDX,IDR,Income Statement (Annual),annual,fcfps,Free Cash Flow Per Share,2026-07-07 22:35:19,426.06,413.594,359.32,272.354,387.07,387.938,,,,,,,,,,,,,,,,,,,,
TLKM,IDX,IDR,Income Statement (Annual),annual,gainAssets,Gain (Loss) on Sale of Assets,2026-07-07 22:35:19,78000000000.0,78000000000.0,658000000000.0,84000000000.0,397000000000.0,720000000000.0,,,,,,,,,,,,,,,,,,,,
TLKM,IDX,IDR,Income Statement (Annual),annual,gainInvestments,Gain (Loss) on Sale of Investments,2026-07-07 22:35:19,-859000000000.0,-242000000000.0,188000000000.0,-748000000000.0,-6438000000000.0,3432000000000.0,,,,,,,,,,,,,,,,,,,,
TLKM,IDX,IDR,Income Statement (Annual),annual,gp,Gross Profit,2026-07-07 22:35:19,87464000000000.0,87703000000000.0,89957000000000.0,90978000000000.0,92648000000000.0,89680000000000.0,,,,,,,,,,,,,,,,,,,,
TLKM,IDX,IDR,Income Statement (Annual),annual,grossMargin,Gross Margin,2026-07-07 22:35:19,0.59381,0.59767,0.59984,0.60971,0.62895,0.62621,,,,,,,,,,,,,,,,,,,,
TLKM,IDX,IDR,Income Statement (Annual),annual,impairmentGoodwill,Impairment of Goodwill,2026-07-07 22:35:19,,,,,,,,,,,,,,,,,,,,,,,,,,
TLKM,IDX,IDR,Income Statement (Annual),annual,incomeEquity,Earnings From Equity Investments,2026-07-07 22:35:19,-1000000000.0,-1000000000.0,3000000000.0,1000000000.0,-87000000000.0,-78000000000.0,,,,,,,,,,,,,,,,,,,,
TLKM,IDX,IDR,Income Statement (Annual),annual,interestExpense,Interest Expense,2026-07-07 22:35:19,-4911000000000.0,-5206000000000.0,-5208000000000.0,-4652000000000.0,-4077000000000.0,-4394000000000.0,,,,,,,,,,,,,,,,,,,,
TLKM,IDX,IDR,Income Statement (Annual),annual,interestIncome,Interest & Investment Income,2026-07-07 22:35:19,1583000000000.0,1661000000000.0,1367000000000.0,1061000000000.0,878000000000.0,558000000000.0,,,,,,,,,,,,,,,,,,,,
TLKM,IDX,IDR,Income Statement (Annual),annual,mergerRestructureCharges,Merger & Restructuring Charges,2026-07-07 22:35:19,-937000000000.0,-937000000000.0,-1186000000000.0,,,,,,,,,,,,,,,,,,,,,,,
TLKM,IDX,IDR,Income Statement (Annual),annual,minorityInterest,Minority Interest in Earnings,2026-07-07 22:35:19,-6567000000000.0,-6644000000000.0,-7094000000000.0,-7648000000000.0,-6984000000000.0,-9222000000000.0,,,,,,,,,,,,,,,,,,,,
TLKM,IDX,IDR,Income Statement (Annual),annual,netIncomeGrowth,Net Income Growth,2026-07-07 22:35:19,-0.24156,-0.20484,-0.08783,0.18441,-0.16646,0.19578,,,,,,,,,,,,,,,,,,,,
TLKM,IDX,IDR,Income Statement (Annual),annual,netinc,Net Income,2026-07-07 22:35:19,16609000000000.0,17814000000000.0,22403000000000.0,24560000000000.0,20736000000000.0,24877000000000.0,,,,,,,,,,,,,,,,,,,,
TLKM,IDX,IDR,Income Statement (Annual),annual,netinccmn,Net Income to Common,2026-07-07 22:35:19,16609000000000.0,17814000000000.0,22403000000000.0,24560000000000.0,20736000000000.0,24877000000000.0,,,,,,,,,,,,,,,,,,,,
TLKM,IDX,IDR,Income Statement (Annual),annual,operatingMargin,Operating Margin,2026-07-07 22:35:19,0.2362,0.24136,0.27682,0.30081,0.30686,0.30248,,,,,,,,,,,,,,,,,,,,
TLKM,IDX,IDR,Income Statement (Annual),annual,opex,Operating Expenses,2026-07-07 22:35:19,52673000000000.0,52285000000000.0,48443000000000.0,46093000000000.0,47446000000000.0,46362000000000.0,,,,,,,,,,,,,,,,,,,,
TLKM,IDX,IDR,Income Statement (Annual),annual,opinc,Operating Income,2026-07-07 22:35:19,34791000000000.0,35418000000000.0,41514000000000.0,44885000000000.0,45202000000000.0,43318000000000.0,,,,,,,,,,,,,,,,,,,,
TLKM,IDX,IDR,Income Statement (Annual),annual,otheropex,Other Operating Expenses,2026-07-07 22:35:19,154000000000.0,110000000000.0,520000000000.0,31000000000.0,661000000000.0,691000000000.0,,,,,,,,,,,,,,,,,,,,
TLKM,IDX,IDR,Income Statement (Annual),annual,payoutratio,payoutratio,2026-07-07 22:35:19,1.267204,1.18149,0.78931,0.67602,0.71644,0.50175,,,,,,,,,,,,,,,,,,,,
TLKM,IDX,IDR,Income Statement (Annual),annual,pretax,Pretax Income,2026-07-07 22:35:19,30082000000000.0,31102000000000.0,37615000000000.0,40794000000000.0,36430000000000.0,43739000000000.0,,,,,,,,,,,,,,,,,,,,
TLKM,IDX,IDR,Income Statement (Annual),annual,profitMargin,Profit Margin,2026-07-07 22:35:19,0.11276,0.1214,0.14939,0.16459,0.14077,0.17371,,,,,,,,,,,,,,,,,,,,
TLKM,IDX,IDR,Income Statement (Annual),annual,revenue,Revenue,2026-07-07 22:35:19,147292000000000.0,146742000000000.0,149967000000000.0,149216000000000.0,147306000000000.0,143210000000000.0,,,,,,,,,,,,,,,,,,,,
TLKM,IDX,IDR,Income Statement (Annual),annual,revenueGrowth,Revenue Growth (YoY),2026-07-07 22:35:19,-0.01264,-0.0215,0.00503,0.01297,0.0286,0.04945,,,,,,,,,,,,,,,,,,,,
TLKM,IDX,IDR,Income Statement (Annual),annual,sgna,"Selling, General & Admin",2026-07-07 22:35:19,14549000000000.0,14526000000000.0,13742000000000.0,13399000000000.0,13656000000000.0,13957000000000.0,,,,,,,,,,,,,,,,,,,,
TLKM,IDX,IDR,Income Statement (Annual),annual,sharesBasic,Shares Outstanding (Basic),2026-07-07 22:35:19,99035419929.0,99061024659.0,99062216600.0,99062216600.0,99062216600.0,99062216600.0,,,,,,,,,,,,,,,,,,,,
TLKM,IDX,IDR,Income Statement (Annual),annual,sharesDiluted,Shares Outstanding (Diluted),2026-07-07 22:35:19,99035419929.0,99061024659.0,99062216600.0,99062216600.0,99062216600.0,99062216600.0,,,,,,,,,,,,,,,,,,,,
TLKM,IDX,IDR,Income Statement (Annual),annual,sharesYoY,Shares Change (YoY),2026-07-07 22:35:19,-0.00027,-1e-05,,,,,,,,,,,,,,,,,,,,,,,,
TLKM,IDX,IDR,Income Statement (Annual),annual,taxexp,Income Tax Expense,2026-07-07 22:35:19,6906000000000.0,6644000000000.0,8118000000000.0,8586000000000.0,8710000000000.0,9640000000000.0,,,,,,,,,,,,,,,,,,,,
TLKM,IDX,IDR,Income Statement (Annual),annual,taxrate,Effective Tax Rate,2026-07-07 22:35:19,0.22957,0.21362,0.21582,0.21047,0.23909,0.2204,,,,,,,,,,,,,,,,,,,,
TLKM,IDX,IDR,Income Statement (Quarterly),quarterly,assetWritedown,Asset Writedown,2026-07-07 22:35:21,,,,,,,,,,,,,,,,,,,,,,,,,,
TLKM,IDX,IDR,Income Statement (Quarterly),quarterly,cor,Cost of Revenue,2026-07-07 22:35:21,,,,,,,15794000000000.0,11191000000000.0,17484000000000.0,14534000000000.0,15005000000000.0,13049000000000.0,17229000000000.0,14042000000000.0,15690000000000.0,13203000000000.0,16578000000000.0,13966000000000.0,14491000000000.0,14842000000000.0,13225000000000.0,13458000000000.0,13133000000000.0,13972000000000.0,12361000000000.0,14109000000000.0
TLKM,IDX,IDR,Income Statement (Quarterly),quarterly,currencyGains,Currency Exchange Gain (Loss),2026-07-07 22:35:21,,,,,,,93000000000.0,43000000000.0,106000000000.0,-48000000000.0,79000000000.0,161000000000.0,-214000000000.0,112000000000.0,77000000000.0,5000000000.0,71000000000.0,-5000000000.0,-107000000000.0,88000000000.0,44000000000.0,79000000000.0,45000000000.0,7000000000.0,-36000000000.0,1000000000.0
TLKM,IDX,IDR,Income Statement (Quarterly),quarterly,depAmorEbitda,D&A For EBITDA,2026-07-07 22:35:21,,,,,,,6542000000000.0,10329000000000.0,6702000000000.0,6072000000000.0,6972000000000.0,5950000000000.0,6757000000000.0,6661000000000.0,6722000000000.0,4843000000000.0,6917000000000.0,6817000000000.0,6592000000000.0,4877000000000.0,6517000000000.0,7679000000000.0,6767000000000.0,2422000000000.0,7485000000000.0,7412000000000.0
TLKM,IDX,IDR,Income Statement (Quarterly),quarterly,dividendGrowth,Dividend Growth,2026-07-07 22:35:21,,,,,,,,,,,,0.19031,,,,0.0651,,,,0.11749,,,,0.19014,,
TLKM,IDX,IDR,Income Statement (Quarterly),quarterly,dps,Dividend Per Share,2026-07-07 22:35:21,,,,,,,,,,,,212.47,,,,178.5,,,,167.59,,,,149.97,,
TLKM,IDX,IDR,Income Statement (Quarterly),quarterly,earningContinuing,Earnings From Continuing Operations,2026-07-07 22:35:21,,,,,,,6054000000000.0,3863000000000.0,6469000000000.0,6529000000000.0,7336000000000.0,6476000000000.0,7597000000000.0,7604000000000.0,7820000000000.0,6819000000000.0,8568000000000.0,8373000000000.0,8448000000000.0,4904000000000.0,5261000000000.0,9699000000000.0,7856000000000.0,8285000000000.0,8743000000000.0,8533000000000.0
TLKM,IDX,IDR,Income Statement (Quarterly),quarterly,ebit,EBIT,2026-07-07 22:35:21,,,,,,,9142000000000.0,6152000000000.0,9231000000000.0,9944000000000.0,9769000000000.0,7494000000000.0,10538000000000.0,12186000000000.0,11296000000000.0,9840000000000.0,12477000000000.0,11564000000000.0,11004000000000.0,10980000000000.0,11839000000000.0,11048000000000.0,11335000000000.0,8476000000000.0,12657000000000.0,11570000000000.0
TLKM,IDX,IDR,Income Statement (Quarterly),quarterly,ebitMargin,EBIT Margin,2026-07-07 22:35:21,,,,,,,0.24583,0.16571,0.25212,0.27345,0.26663,0.19853,0.28537,0.32184,0.3018,0.2591,0.33043,0.3093,0.3049,0.2857,0.32092,0.30042,0.32194,0.22805,0.34617,0.32559
TLKM,IDX,IDR,Income Statement (Quarterly),quarterly,ebitda,EBITDA,2026-07-07 22:35:21,,,,,,,15684000000000.0,16481000000000.0,15933000000000.0,16016000000000.0,16741000000000.0,13444000000000.0,17295000000000.0,18847000000000.0,18018000000000.0,14683000000000.0,19394000000000.0,18381000000000.0,17596000000000.0,15857000000000.0,18356000000000.0,18727000000000.0,18102000000000.0,10898000000000.0,20142000000000.0,18982000000000.0
TLKM,IDX,IDR,Income Statement (Quarterly),quarterly,ebitdaMargin,EBITDA Margin,2026-07-07 22:35:21,,,,,,,0.42174,0.44393,0.43517,0.44042,0.45692,0.35615,0.46836,0.49777,0.48139,0.38662,0.51361,0.49163,0.48756,0.4126,0.49757,0.50923,0.51414,0.29322,0.55088,0.53418
TLKM,IDX,IDR,Income Statement (Quarterly),quarterly,ebtExcl,EBT Excluding Unusual Items,2026-07-07 22:35:21,,,,,,,8554000000000.0,5400000000000.0,8350000000000.0,9030000000000.0,8950000000000.0,6650000000000.0,9203000000000.0,11451000000000.0,10508000000000.0,8955000000000.0,11565000000000.0,10676000000000.0,10063000000000.0,10158000000000.0,11014000000000.0,10369000000000.0,10631000000000.0,7639000000000.0,11401000000000.0,10633000000000.0
TLKM,IDX,IDR,Income Statement (Quarterly),quarterly,epsBasic,EPS (Basic),2026-07-07 22:35:21,,,,,,,43.896613,20.493158,48.545249,52.13895,56.015302,47.727581,59.699855,57.620354,61.103013,51.089105,68.068333,63.919425,64.848135,41.943337,33.019652,72.600838,61.759167,59.437394,64.817851,64.979365
TLKM,IDX,IDR,Income Statement (Quarterly),quarterly,epsGrowth,EPS Growth,2026-07-07 22:35:21,,,,,,,-0.21635,-0.57062,-0.18684,-0.09513,-0.08326,-0.0658,-0.12294,-0.09855,-0.05775,0.21805,1.06145,-0.11958,0.05002,-0.29433,-0.49058,0.11729,0.01729,0.42739,0.12847,0.25551
TLKM,IDX,IDR,Income Statement (Quarterly),quarterly,epsdil,EPS (Diluted),2026-07-07 22:35:21,,,,,,,43.896613,20.493158,48.545249,52.13895,56.015302,47.727581,59.699855,57.620354,61.103013,51.089105,68.068333,63.919425,64.848135,41.943337,33.019652,72.600838,61.759167,59.437394,64.817851,64.979365
TLKM,IDX,IDR,Income Statement (Quarterly),quarterly,fcf,Free Cash Flow,2026-07-07 22:35:21,,,,,,,12899000000000.0,7544000000000.0,10769000000000.0,10983000000000.0,11675000000000.0,8125000000000.0,10083000000000.0,7023000000000.0,10364000000000.0,6936000000000.0,9114000000000.0,8173000000000.0,2757000000000.0,10730000000000.0,9048000000000.0,7609000000000.0,10957000000000.0,7841000000000.0,11297000000000.0,8044000000000.0
TLKM,IDX,IDR,Income Statement (Quarterly),quarterly,fcfMargin,Free Cash Flow Margin,2026-07-07 22:35:21,,,,,,,0.34685,0.20321,0.29413,0.30202,0.31865,0.21524,0.27305,0.18548,0.2769,0.18263,0.24137,0.2186,0.07639,0.27919,0.24526,0.20691,0.31121,0.21097,0.30897,0.22637
TLKM,IDX,IDR,Income Statement (Quarterly),quarterly,fcfps,Free Cash Flow Per Share,2026-07-07 22:35:21,,,,,,,130.346,76.158,108.709,110.87,117.855,82.019,101.785,70.895,104.621,70.017,92.003,82.504,27.831,108.316,91.337,76.81,110.607,79.152,114.039,81.201
TLKM,IDX,IDR,Income Statement (Quarterly),quarterly,gainAssets,Gain (Loss) on Sale of Assets,2026-07-07 22:35:21,,,,,,,,78000000000.0,,,,658000000000.0,,,,84000000000.0,,,,397000000000.0,,,,,,
TLKM,IDX,IDR,Income Statement (Quarterly),quarterly,gainInvestments,Gain (Loss) on Sale of Investments,2026-07-07 22:35:21,,,,,,,-309000000000.0,118000000000.0,-84000000000.0,-584000000000.0,308000000000.0,664000000000.0,381000000000.0,-454000000000.0,-403000000000.0,-566000000000.0,-594000000000.0,-18000000000.0,430000000000.0,-3354000000000.0,-3378000000000.0,1187000000000.0,-893000000000.0,3029000000000.0,53000000000.0,336000000000.0
TLKM,IDX,IDR,Income Statement (Quarterly),quarterly,gp,Gross Profit,2026-07-07 22:35:21,,,,,,,21395000000000.0,25934000000000.0,19129000000000.0,21831000000000.0,21634000000000.0,24699000000000.0,19698000000000.0,23821000000000.0,21739000000000.0,24775000000000.0,21182000000000.0,23422000000000.0,21599000000000.0,23590000000000.0,23666000000000.0,23317000000000.0,22075000000000.0,23195000000000.0,24202000000000.0,21426000000000.0
TLKM,IDX,IDR,Income Statement (Quarterly),quarterly,grossMargin,Gross Margin,2026-07-07 22:35:21,,,,,,,0.5753,0.69856,0.52246,0.60033,0.59046,0.65431,0.53343,0.62914,0.58081,0.65235,0.56096,0.62646,0.59848,0.61381,0.64151,0.63404,0.62699,0.62407,0.66193,0.60295
TLKM,IDX,IDR,Income Statement (Quarterly),quarterly,impairmentGoodwill,Impairment of Goodwill,2026-07-07 22:35:21,,,,,,,,,,,,,,,,,,,,,,,,-277000000000.0,,
TLKM,IDX,IDR,Income Statement (Quarterly),quarterly,incomeEquity,Earnings From Equity Investments,2026-07-07 22:35:21,,,,,,,-2000000000.0,4000000000.0,-1000000000.0,-2000000000.0,-2000000000.0,-1000000000.0,2000000000.0,3000000000.0,-1000000000.0,-3000000000.0,2000000000.0,,2000000000.0,-93000000000.0,1000000000.0,9000000000.0,-4000000000.0,26000000000.0,-11000000000.0,-39000000000.0
TLKM,IDX,IDR,Income Statement (Quarterly),quarterly,interestExpense,Interest Expense,2026-07-07 22:35:21,,,,,,,-1021000000000.0,-1175000000000.0,-1384000000000.0,-1331000000000.0,-1316000000000.0,-1351000000000.0,-1438000000000.0,-1220000000000.0,-1199000000000.0,-1190000000000.0,-1217000000000.0,-1170000000000.0,-1075000000000.0,-1068000000000.0,-1056000000000.0,-1008000000000.0,-945000000000.0,-978000000000.0,-1322000000000.0,-1083000000000.0
TLKM,IDX,IDR,Income Statement (Quarterly),quarterly,interestIncome,Interest & Investment Income,2026-07-07 22:35:21,,,,,,,342000000000.0,376000000000.0,398000000000.0,467000000000.0,420000000000.0,347000000000.0,315000000000.0,370000000000.0,335000000000.0,303000000000.0,232000000000.0,287000000000.0,239000000000.0,251000000000.0,186000000000.0,241000000000.0,200000000000.0,108000000000.0,113000000000.0,184000000000.0
TLKM,IDX,IDR,Income Statement (Quarterly),quarterly,mergerRestructureCharges,Merger & Restructuring Charges,2026-07-07 22:35:21,,,,,,,,-937000000000.0,3000000000.0,-3000000000.0,,-6000000000.0,61000000000.0,-1241000000000.0,,,,,,,,,,,,
TLKM,IDX,IDR,Income Statement (Quarterly),quarterly,minorityInterest,Minority Interest in Earnings,2026-07-07 22:35:21,,,,,,,-1710000000000.0,-1833000000000.0,-1660000000000.0,-1364000000000.0,-1787000000000.0,-1748000000000.0,-1683000000000.0,-1896000000000.0,-1767000000000.0,-1758000000000.0,-1825000000000.0,-2041000000000.0,-2024000000000.0,-749000000000.0,-1990000000000.0,-2507000000000.0,-1738000000000.0,-2397000000000.0,-2322000000000.0,-2096000000000.0
TLKM,IDX,IDR,Income Statement (Quarterly),quarterly,netIncomeGrowth,Net Income Growth,2026-07-07 22:35:21,,,,,,,-0.21716,-0.57064,-0.18684,-0.09513,-0.08326,-0.0658,-0.12294,-0.09855,-0.05775,0.21805,1.06145,-0.11958,0.05002,-0.29433,-0.49058,0.11729,0.01729,0.42739,0.12847,0.25551
TLKM,IDX,IDR,Income Statement (Quarterly),quarterly,netinc,Net Income,2026-07-07 22:35:21,,,,,,,4344000000000.0,2030000000000.0,4809000000000.0,5165000000000.0,5549000000000.0,4728000000000.0,5914000000000.0,5708000000000.0,6053000000000.0,5061000000000.0,6743000000000.0,6332000000000.0,6424000000000.0,4155000000000.0,3271000000000.0,7192000000000.0,6118000000000.0,5888000000000.0,6421000000000.0,6437000000000.0
TLKM,IDX,IDR,Income Statement (Quarterly),quarterly,netinccmn,Net Income to Common,2026-07-07 22:35:21,,,,,,,4344000000000.0,2030000000000.0,4809000000000.0,5165000000000.0,5549000000000.0,4728000000000.0,5914000000000.0,5708000000000.0,6053000000000.0,5061000000000.0,6743000000000.0,6332000000000.0,6424000000000.0,4155000000000.0,3271000000000.0,7192000000000.0,6118000000000.0,5888000000000.0,6421000000000.0,6437000000000.0
TLKM,IDX,IDR,Income Statement (Quarterly),quarterly,operatingMargin,Operating Margin,2026-07-07 22:35:21,,,,,,,0.24583,0.16571,0.25212,0.27345,0.26663,0.19853,0.28537,0.32184,0.3018,0.2591,0.33043,0.3093,0.3049,0.2857,0.32092,0.30042,0.32194,0.22805,0.34617,0.32559
TLKM,IDX,IDR,Income Statement (Quarterly),quarterly,opex,Operating Expenses,2026-07-07 22:35:21,,,,,,,12253000000000.0,19782000000000.0,9898000000000.0,11887000000000.0,11865000000000.0,17205000000000.0,9160000000000.0,11635000000000.0,10443000000000.0,14935000000000.0,8705000000000.0,11858000000000.0,10595000000000.0,12610000000000.0,11827000000000.0,12269000000000.0,10740000000000.0,14719000000000.0,11545000000000.0,9856000000000.0
TLKM,IDX,IDR,Income Statement (Quarterly),quarterly,opinc,Operating Income,2026-07-07 22:35:21,,,,,,,9142000000000.0,6152000000000.0,9231000000000.0,9944000000000.0,9769000000000.0,7494000000000.0,10538000000000.0,12186000000000.0,11296000000000.0,9840000000000.0,12477000000000.0,11564000000000.0,11004000000000.0,10980000000000.0,11839000000000.0,11048000000000.0,11335000000000.0,8476000000000.0,12657000000000.0,11570000000000.0
TLKM,IDX,IDR,Income Statement (Quarterly),quarterly,otheropex,Other Operating Expenses,2026-07-07 22:35:21,,,,,,,130000000000.0,55000000000.0,184000000000.0,-215000000000.0,86000000000.0,983000000000.0,39000000000.0,-542000000000.0,40000000000.0,94000000000.0,69000000000.0,-241000000000.0,109000000000.0,442000000000.0,141000000000.0,1000000000.0,77000000000.0,-36000000000.0,26000000000.0,-32000000000.0
TLKM,IDX,IDR,Income Statement (Quarterly),quarterly,payoutratio,payoutratio,2026-07-07 22:35:21,,,,,,,,,,4.07493,,,,3.09793,,0.0002,2.46211,,,,,2.06563,,,1.94393,
TLKM,IDX,IDR,Income Statement (Quarterly),quarterly,pretax,Pretax Income,2026-07-07 22:35:21,,,,,,,8248000000000.0,4680000000000.0,8285000000000.0,8547000000000.0,9268000000000.0,7998000000000.0,9694000000000.0,9780000000000.0,10143000000000.0,8512000000000.0,10980000000000.0,10705000000000.0,10597000000000.0,7233000000000.0,7768000000000.0,11567000000000.0,9862000000000.0,10418000000000.0,11466000000000.0,10978000000000.0
TLKM,IDX,IDR,Income Statement (Quarterly),quarterly,profitMargin,Profit Margin,2026-07-07 22:35:21,,,,,,,0.11681,0.05468,0.13135,0.14203,0.15145,0.12525,0.16015,0.15075,0.16172,0.13326,0.17858,0.16936,0.178,0.10811,0.08867,0.19557,0.17377,0.15842,0.17561,0.18115
TLKM,IDX,IDR,Income Statement (Quarterly),quarterly,revenue,Revenue,2026-07-07 22:35:21,,,,,,,37189000000000.0,37125000000000.0,36613000000000.0,36365000000000.0,36639000000000.0,37748000000000.0,36927000000000.0,37863000000000.0,37429000000000.0,37978000000000.0,37760000000000.0,37388000000000.0,36090000000000.0,38432000000000.0,36891000000000.0,36775000000000.0,35208000000000.0,37167000000000.0,36563000000000.0,35535000000000.0
TLKM,IDX,IDR,Income Statement (Quarterly),quarterly,revenueGrowth,Revenue Growth (YoY),2026-07-07 22:35:21,,,,,,,0.01501,-0.0165,-0.0085,-0.03956,-0.02111,-0.00606,-0.02206,0.0127,0.0371,-0.01181,0.02356,0.01667,0.02505,0.03404,0.00897,0.0349,0.03721,0.01769,0.10512,0.08796
TLKM,IDX,IDR,Income Statement (Quarterly),quarterly,sgna,"Selling, General & Admin",2026-07-07 22:35:21,,,,,,,3425000000000.0,7145000000000.0,845000000000.0,3959000000000.0,3402000000000.0,6291000000000.0,1000000000000.0,4133000000000.0,2318000000000.0,6259000000000.0,503000000000.0,4032000000000.0,2605000000000.0,4057000000000.0,3654000000000.0,3258000000000.0,2687000000000.0,5399000000000.0,4034000000000.0,2476000000000.0
TLKM,IDX,IDR,Income Statement (Quarterly),quarterly,sharesBasic,Shares Outstanding (Basic),2026-07-07 22:35:21,,,,,,,98959797679.0,99057448836.0,99062216600.0,99062216600.0,99062216600.0,99062216600.0,99062216600.0,99062216600.0,99062216600.0,99062216600.0,99062216600.0,99062216600.0,99062216600.0,99062216600.0,99062216600.0,99062216600.0,99062216600.0,99062216600.0,99062216600.0,99062216600.0
TLKM,IDX,IDR,Income Statement (Quarterly),quarterly,sharesDiluted,Shares Outstanding (Diluted),2026-07-07 22:35:21,,,,,,,98959797679.0,99057448836.0,99062216600.0,99062216600.0,99062216600.0,99062216600.0,99062216600.0,99062216600.0,99062216600.0,99062216600.0,99062216600.0,99062216600.0,99062216600.0,99062216600.0,99062216600.0,99062216600.0,99062216600.0,99062216600.0,99062216600.0,99062216600.0
TLKM,IDX,IDR,Income Statement (Quarterly),quarterly,sharesYoY,Shares Change (YoY),2026-07-07 22:35:21,,,,,,,-0.00103,-5e-05,,,,,,,,,,,,,,,,,,
TLKM,IDX,IDR,Income Statement (Quarterly),quarterly,taxexp,Income Tax Expense,2026-07-07 22:35:21,,,,,,,2194000000000.0,817000000000.0,1816000000000.0,2018000000000.0,1932000000000.0,1522000000000.0,2097000000000.0,2176000000000.0,2323000000000.0,1693000000000.0,2412000000000.0,2332000000000.0,2149000000000.0,2329000000000.0,2507000000000.0,1868000000000.0,2006000000000.0,2133000000000.0,2723000000000.0,2445000000000.0
TLKM,IDX,IDR,Income Statement (Quarterly),quarterly,taxrate,Effective Tax Rate,2026-07-07 22:35:21,,,,,,,0.266,0.17457,0.21919,0.23611,0.20846,0.1903,0.21632,0.22249,0.22902,0.1989,0.21967,0.21784,0.20279,0.322,0.32273,0.16149,0.20341,0.20474,0.23748,0.22272
